순번,질문,답변
0,인바디검사는 언제부터 할 수 있을까요? 코로나 얼른 끝났으면..ㅠㅠ," 헬스케어센터 내에서 실시하는 인바디검사에 대한 문의가 종종 들어옵니다. 많은 학생분이 기다리고 계셨던 것 같아요.
 본론을 말씀드리면 코로나 1.5단계 이하부터 평일 오전 4시 이전에 실시 가능합니다. 2단계부터 검사를 제한하고 있으며, 이러한 조치는 방문자들의 접촉을 최소화하기 위함입니다. 상황이 여의치 않더라도 우리 모두를 위한 조치이니 양해 부탁드립니다~"
1,"심리, 정신 전문가분들은 상대방의 시선, 손짓, 몸짓 등으로 거짓말 구별이 가능한가요?"," 미드 <라이 투 미>의 라이트만 박사는 상대방의 눈동자 움직임에서부터 얼굴 전체의 미세한 표정 변화, 몸동작이나 손짓 등의 제스처를 통해 상대방의 마음을 들여다보기 위한 기술을 사용합니다. 이 기술을 “마이크로 익스프레션”이라고 하는데, 사람의 심리를 공부하다 보면 반응에 대해 더욱 민감하게 관찰하기 때문에 어느 정도 알아차릴 수 있기는 하지만 드라마에서처럼 정확하게 알아채는 것은 사실상 굉장히 어렵고, 학문적 정확성도 충분하지 않습니다. 실례로 미국에서 테러리스트를 구별하기 위해 1조 원을
들여 전문인력을 양성했지만 뚜렷한 성과가 없었다는 보고도 있었고요.
 하지만 최근 제가 본 영상에 의하면 고도의 민감성, 관찰력, 통찰력을 기른 전문가가 몇 가지 질문을 통해 판단의 근거를 가질 수 있다면 가능한 것 같기도 합니다. 굉장히 흥미로운 영상이니 추천해드립니다! 
*추천 영상 ‘그것이 알고 싶다 <마피아 게임>’ 편"
2,본가가 울산에서 멀리 떨어져 있어 학기 중 집에 가기 어려워요. 힘들게 공부하다 보면 가족들과 집이 너무 그리워서 힘들어요. ," 윤이 님의 질문을 통해 힘든 상황 속에서 가족이 주는 따뜻함과 안정감이 얼마나 필요하셨을까 생각해봅니다. 현재 상황에서 가족을 통해서 채울 수 없음을 먼저 수용해야 합니다. 그 후 지금 여기서 내 마음에 안정감을 줄 방법을 몇 가지 추천해 드려볼게요. ㅁ 윤이 님을 지지해 줄 다른 대상 찾기 ㅁ 대상이 마땅치 않다면, 취미나 여가생활 가지기 ㅁ 마음의 평안을 주는 명상 앱 <마보> 활용하기  
*<마보>는 UNIST 구성원들이 사용할 수 있는 이용권을 배부해드립니다.  헬스케어센터에 신청해주세요! (217-4011@unist.ac.kr)"
3,졸업을 앞둔 학부생입니다. 상담 관련 대학원 진학을 원합니다. 혹시 추천받을 수 있나요? ," 어떤 학교를 콕 집어 추천해 드리는 건 너무 어렵네요.... 다른 계열의 대학원을 선택하실 때 고려하실 내용과 크게 다르지는 않습니다. 교수님의 인품과 지도력, 교수님의 이론적 기반, 연구실 분위기, 인건비, 과제량, 선배들의 취업 경향성, 커리큘럼, 그리고 상담사 양성에 교육의 중점을 두었는지, 상담 관련 연구에 중점을 두었는지 등 대학원 운영방침도 잘 살펴보셔요. 또한, 심리학과 대학원은 전공생을 선호하는 경향이 있어 비전공자도 입학할 수 있는 곳인지 먼저 확인하시는 게 중요합니다. 심리학과 외에도 교육학, 특수대학원 등 다른 루트를 통한 상담 공부도 가능한 점 참고하세요. 끝으로 상담 관련 대학이나 대학원 진학을 희망하는 분들께 드리는 말씀이 있습니다. 자신이나 주변 사람들을 통해 상담의 좋은 경험을 나누고 싶은 아름다운 마음이지 않을까 생각합니다. 정말로 길고 긴 상담사의 길을 가고 싶은지, 아니면 도움을 더 받고 싶은 건 아닌지 탐색해보세요!"
4,"전 밝고 긍정적이며 사람들과 잘 어울리며 칭찬과 관심받는 걸 좋아해요. 근데 저에 대한 작은 비판, 충고를 들으면 수치심이 느껴져 힘들어요. 어떻게 하면 비판이나 충고도 잘 받아들일 수 있을까요?","사람은 매 순간 수치심, 죄책감 같은 힘든 감정을 느끼고 분투하며 살아갑니다. 매우 자연스러운 감정 경험이자 성장의 밑거름이 됩니다. 이런 감정이 들 때 ‘느낄 수도 있다’라고 생각하면 감정을 들여다보고 해결하고 흘려보낼 여유가 생기지만, ‘절대 느끼고 싶지 않아!’라고 방어적인 태도를 보인다면 상황을 회피하거나 감정 처리를 제대로 하지 못해 경직된 반응을 보입니다. 타인의 피드백에 예민한 것에는 다양한 원인이 있지만, 어린 시절 윤이 님의 일부 행동만으로 존재 자체를 부정당하거나 부정적 감정을 경험했을 가능성이 있습니다. 예를 들어 ‘이것도 못하다니 형편없군‘, ‘이러면 사람들이 좋아하겠니?’ 식의 메시지를 통해서요. 비판과 충고는 윤이 님의 일부분에 대한 것이며 윤이 님 전체에 대한 평가가 아님을 기억하시면 좋겠습니다. 과거 메시지에 갇히지 않고 자유로워지기 위한 변화를 시도해볼 필요가 있습니다. 윤이 님이 이미 가지고 있는 장점들을 활용해서 “비판이나 충고도 잘 받아들이는 건강한 사람”이 되어보는 것을 목표로 하면 어떨까요? 
*추천 도서 [수치심의 치유(존 브래드쇼)] 
*추천 도서 [삶의 덫에서 벗어나 새로운 나를 열기(최영희 역)]"
5,누군가 제 의견이 틀렸다고 이야기하면 제 의견이 틀렸더라도 기분이 굉장히 나빠집니다. 솔직하게 감정을 표현하는 게 좋다고 생각했었는데 점점 갈등이 생겨 억누르는데 오히려 스트레스가 됩니다. ,"윤이 님의 의견이 틀렸다는 말을 들었을 때, 잠시 말을 멈추고 마음속에 어떤 감정이 드는지 탐색해볼 필요가 있습니다. 그리고 그 감정이 어디서부터 오는지 찾아봅니다. 예를 들어 서운하고 화가 나는 감정의 이유가 타인으로부터 부정당하는 것 같아서인지, 무시당하는 것 같아서인지, 거절당하는 것 같아서인지, 수치심이 들어서인지 자세히 들여다봅니다. 타인의 비난과 거절은 마음을 상하게 하는 일임에 분명하지만 어느 정도 걸러서 받아들일 줄 알아야 합니다. 어디까지 타인의 의견일 뿐이니까요. ‘아 당신은 그렇게 생각하시는군요.’라고 얼른 생각하며 부정적 감정에서 거리를 좀 두고 마음을 정리하는 시간을 가지십시오. 그렇게 하신다면 윤이 님의 감정으로 인해 느끼는 불편 함도, 부정적 감정을 표현함으로 발생하는 갈등으로 힘들어하는 일들도 줄어들고 이견을 조율할 수 있는 부드러운 카리스마가 생길 것입니다.
*추천 도서 [그러라 그래(양희은)]"
6,"어릴 때는 타인의 말과 행동에 상처받거나 깊게 생각한 적이 없었어요. 나이가 들고 일을 할수록 타인의 말과 행동에 신경 쓰고, 제 말과 행동이 상처 주지 않을까 생각해 스트레스를 받고 있습니다. ","어릴 때는 ‘그냥 그러라지’ 하며 넘기고 금방 회복하던 것도 사회생활을 하게 되면서 그냥 넘기기 쉽지 않은 일이 되어버리는 경우가 있죠. 다른 사람과 자신이 하는 말과 행동에 신경을 쓰고, ‘상처 주지 않을까? 저 사람은 어떻게 저럴 수 있을까? 이해할 수 없어!’라고 생각하게 되기도 합니다. 왜냐하면 우리는 모두 사회적 동물이기 때문에 타인의 반응을 신경 쓰도록 설계되어 있기 때문입니다. 점점 지위가 생기고 책임이 커지면서 우리는 ‘괜찮은 사람, 수행이 좋은 사람, 매력적인 사람’ 등등 사람들에게 보이고 싶은 모습들이 생깁니다. 또한, ‘그런 사람’이 되기 위해 과거 나에게 상처가 되었던 말과 행동들을 하지 않기 위한 ‘자기검열’을 시작하게 됩니다. 검열할수록 불편해지고, 경직되는데 말이죠. 타인의 평가에 신경이 쓰이고 스트레스를 받으실 때 ‘어떤 나로 보이고 싶은가’에 대한 욕구를 먼저 파악하고 수용하는 과정이 필요합니다. 그리고 어느 정도까지 그러한 사람이 되고 싶은지, 어떤 부분에서는 덜 잘 보여도 되는지를 찾아가신다면 훨씬 편하게 지내실 수 있을 것입니다. 보다 느슨한 자기 검열 기준이 생기시길 바랍니다. "
7,평소 차분하지만 비꼬는 말이나 예의가 없는 표현 등에 급격히 기분이 나빠지고 욱! 하고 맙니다. 그러고 나면 후회되고 속상해서 컨트롤하고 싶은데..가능할까요? ,"  비꼬는 말이나 예의 없는 표현을 들으면 기분이 상하기 마련이죠. 이로 인해 욱하는 것으로 실생활에 불편함을 느끼신다면, 언제 또 욱하게 되지는 않을까 걱정되실 것 같습니다. 먼저, 욱하는 감정이 올라올 때 느끼는 자신만의 포인트가 있을 것입니다. 눈 밑이 떨린다든지, 머리가 하얘진다든지 등 그런 포인트가 인식되면 그 상황을 한 템포 늦추시며 잠깐 자신을 탐색해야 합니다. 지금 무슨 말 때문에 화가 나고 감정이 상했는지, 나의 어떤 부분이 건드려졌는지 살펴봅니다. 마지막으로 어떻게 상대에게 전달할지 결정합니다._x000D_
 예를 들어, 열심히 준비한 안건에 대해 ‘생각을 더 해보시고 안건 내세요.’ 식의 말을 들어서 감정이 욱! 올라온다면 3~5초 정도 숨을 크게 쉬며 자신에게 물어봅니다. ‘화난다. 준비한 건데 더 생각해보라니. 자기는 시키기만 하면서! 하아- 그래, 다른 사람들은 내지 않는 의견을 노력해서 준비해 갔는데, 내 노력이 헛된 것 같이 느껴져서 화가 나고 속상하네. 대체 뭐가 부족해서 그런 거지?’ 그리고 욱! 하는 대신 이렇게 말해봅니다. “생각해봤었는데 아쉬운 부분이 있는 것 같아 아쉽네요. 어떤 부분에 보완이 필요할까요?”"
8,"무례한 사람과 함께 작업을 하면 기분이 나빠지고 쉽게 떨쳐낼 수 없고, 계속 생각나서 스트레스를 받아요. 현명하게 대처할 수 있는 방법과 기억나지 않게 떨쳐낼 수 있는 방법이 있나요?","  사람들은 각자 자신만의 심리적 공간과 경계선이 있고, 이것이 침범당하는 것은 결코 유쾌한 일은 아닙니다. 경계를 침범하는 무례한 사람으로부터 윤이 님을 보호하는 해결책 중 하나는 상대방에게 윤이 님의 경계선을 알려주는 것입니다. 객관적 상황과 자신의 인식, 느낌을 분명히 전달하고 다른 대처를 요청하는 것이 가장 직접 적이고 효과가 큰 방법입니다. 타인에게 불편한 이야기를 하는 것은 어렵다는 생각에 선뜻 내키지 않으실 수 있지만, 나의 분명한 경계를 알려 주지 않고 상대방에게 알아차리라고 하는 것은 사실상 매우 어려운 일입니다. 진심을 담아 말씀해보세요. ‘목소리를 높이시고 거친 표현을 사용하시면 위협당하고 질책받는 것 같아서 무섭습니다. 조금만 진정하시고 말씀해주시면 감사하겠습니다.’
 또한 기분 나빴던 기억과 느낌을 잊어버리려 애쓰는 과정에서 오히려 더 반복적으로 떠올리고 구체화하는 모순이 있습니다. 따라서 상대와 그 사건이 윤이 님 삶에 미치는 영향력을 스스로 정하고, 윤이 님께 중요한 것, 소중한 것을 떠올리며 그것을 위해 시간과 에너지를 집중해 보시는 방법을 추천해 드립니다. "
9,"연장자들이 조언인 것처럼 하며 마음을 불편하게 할 때, 힘들지만 피하지 못하고 수긍하는 저를 발견해요. 어떻게 대처할 수 있을까요? 그리고 가스라이팅이라는 건 어떻게 구별하나요? ","  가스라이팅은 나이, 연차, 서열과 상관없이 가해자가 피해자보다 우위에 있다고 여겨지는 상황에서 발생할 수 있습니다. 피해자의 작은 실수나 오해받는 상황을 이용해서 상대를 좌지우지 조정하는 경우를 말하며, ‘네가 잘 모르니까 내가 안타까워서 알려주는 건데…’로 시작하는데, 도움을 받아서 고맙다는 느낌보다 불편한 마음으로 하고 싶지 않은 무언가를 하게 만든다면 조종당하는 경우일 가능성이 높습니다. 문제는 가해자가 의도하지 않고도 이런 상황이 발생할 수 있다는 것입니다. 만약 계속되는 상황이라면 조치를 취하거나 관계를 끊는 것이 좋습니다. 혹시 어쩌다 생기는 애매한 경우라면 편안한 친절은 받아들이고 불편한 상황이 생길 때는 거부할 수 있어야 합니다. “조언 감사합니다. 생각해볼게요.”라고 대응하고 상황을 끊어보는 것도 가능합니다. 내가 주인이 되어 내 행동을 결정한다면 그 조언과 같은 선택을 했더라도 불편한 느낌은 줄어들 것입니다. 다만, 상대는 친절하고 선택 가능한 조언을 했는데 내가 강요로 느꼈다면 다른 문제가 될 수도 있습니다. 
*추천 도서 [그것은 사랑이 아니다(로빈스턴)] 
*추천 도서 [무례한 사람에게 웃으며 대처하는 법(정문정)]"
10,"사이가 좋지 않은 동료와 함께 일을 하고 있습니다. 정신적으로 너무 힘든데, 어떻게 해야 할까요?"," 오랜 시간 함께하는 동료와 갈등 관계에 계시다니 스트레스가 많으시겠어요. 몇 가지 방법을 추천해 드리겠습니다. 비판적, 평가적 태도보다는 자신의 주관적 불편감을 중심으로 대화를 나누는 것이 도움이 됩니다. 상대의 행동이나 말에서 옳고 그름을 지적하는 것은 상대를 반성하게 만들기보다 방어막만 세우게 합니다. 따라서 현재 상황과 상대의 행동을 있는 그대로 묘사하고 그로 인한 나의 주관적 느낌을 전달하는 ‘나 전달법’을 사용해보세요. 갈등의 영역이 업무상에서의 의견 충돌, 방식의 차이 등에서 나오는 것인지, 사적인 측면에서의 개인 간 성격 차이, 가치관의 문제 등에서 나오는 것인지 먼저 구분해 보는 것이 필요합니다. 어떤 부분이 문제인지 명확히 하고 선을 정하거나 함께 대안을 찾아볼 수 있습니다. 문제가 오래 지속되어 개선의 여지가 없다면 제도적인 방법으로 접근하실 수도 있습니다. 직장 내 괴롭힘, 중재와 관련된 제도가 있으니 관리자와 상의하여 근무환경 변화나 업무 조정 등의 방법을 찾아보실 수도 있습니다. "
11,자기 지향적 완벽주의로 인한 지연 행동의 해결책을 알고 싶어요. ," 자기 지향적 완벽주의는 연구마다 다르기는 하지만 오히려 지연 행동을 덜하게 돕는 변인으로 설명되기도 합니다. 자신의 만족을 위해 성실히 일하고, ‘실패해도 괜찮고 배울 수 있는 기회였다’라고 생각하며, 성패를 자신의 존재와 관련 짓지 않는 것이죠. 현재 헬스케어센터에서 질문과 관련된 정신건강 콘텐츠를 제작하고 있습니다. 오픈 전이지만 실제로 해보실 수 있는 방법을 알려드리겠습니다. 윤이 님은 어떨 때 주로 미루시나요? 그리고 그때 드는 생각은 어떤가요? *과제가 어려울 때? 잘할 자신이 없을 때?  =>  남들은 다 잘하는데 나만 못해. 망치면 취업길도 막혀. 윤이 님께 중요한 타인이 1번 질문의 답변과 같이 얘기했을 때, 윤이님의 반응과 해주고 싶은 말은 어떤 것일까요? 자 그렇다면 이제 현실적으로 판단해봅시다. 윤이 님의 계획은 현실성이 있나요? 공부나 과제에 드는 시간, 난이도에 관한 판단과 실제로 소요된 시간과 느낀 난이도를 비교해보세요. "
12,스트레스로 인한 지연 행동의 해결책을 알고 싶어요. ," 스트레스로 인한 지연 행동도 앞선 답변과 마찬가지입니다. 스트레스를 받는 이유와 해야 할 일에 대해 윤이 님이 가지고 있는 생각을 먼저 탐색해봐야 합니다. 지연 행동을 해결할 몇 가지 방법을 알려드릴게요. ㅁ 마음을 정리하고, 있는 그대로의 감정을 수용하기 - 감정에 휩싸여 있을 때는 보이지 않던 것들이, 한 걸음 물러나 마음의 여유를 두고 보면 보일 때가 있습니다. 명상, 산책 등 시간을 내어보세요. ㅁ 대단한 거 말고, 아주 소소한 것부터 시작하기 - 다이어트를 한다고 봅시다. 10kg 감량을 목표로 잡고 식단 짜다 스트레스받아 떡볶이를 시켜 먹습니다. 10kg 빼야지 (X) → 저녁밥 1/2 줄이기 (O) ㅁ 습관 만들기 방법 활용하기 - 실패하기 어려운 아주 작은 단위의 일들은 오래 유지할 수 있고 매일 성공 경험이 쌓여 자신감을 키워줍니다. 하루 1시간씩 헬스 하기 (X) → 하루 3개씩 팔굽혀펴기하기 (O)"
13,"실수하지 않으려고 작성한 문서를 여러 번 확인하고, 화재 위험성이 있는 물건을 여러 번 확인하고, 차량 시동도 껐는지 재차 확인하는 습관이 생겼습니다. 강박이 심해지는 건 아닌지, 자녀가 배우는 건 아닌지 걱정됩니다."," 문서의 오타나 불을 잘 껐는지 등의 걱정을 해보지 않은 사람은 없을 것입니다. 적당한 확인은 완성도를 높이고 안전확보에 도움이 되는 것이죠. 다만 걱정에서 부정적 생각이 끝없이 반복되거나(강박사고), 몇 번이고 확인해야 마음이 편해진다면(강박 행동) 생활에 불편함이 생길 수밖에 없습니다. 그렇다면 왜 윤이 님은 반복적인 걱정에 빠지게 되었을까요? 강박 증상을 유발하는 심리적 요소는 개인에 따라 다르지만, 완벽주의, 파국적 사고, 위험에 대한 과대평가, 불확실성에 대한 인내력 부족 등 다양합니다. 해결을 위해서는 강박 행동을 유발하는 강박사고, 강박 사고를 유발하는 마음속 생각과 감정을 타고 올라가 윤이 님을 불안하게 하는 핵심요소가 무엇인지 파악하는 것이 첫 번째 단계이며, 걱정하는 일이 일어나지 않는다는 것을 현실에서 반복적으로 경험하며 새로운 습관을 만드는 것이 두 번째 단계일 것입니다. "
14,"이제는 일상생활에 무리가 오는 것 같아요. 중독(스마트폰, 게임 등)에서 벗어날 수 있을까요? "," 우리의 뇌는 아이러니하게도 ‘게임 안 해야지!’라고 생각하면 ‘안 해야지’에 포인트가 맞춰지는 게 아니라 ‘게임’에 포인트를 맞추고 오히려 더 생각하게 됩니다. 그래서 이를 금지사항으로 두는 것보다는 대체할 수 있는 대안을 찾아 행동하는 것이 더 유익한 방법입니다. ㅁ 게임을 주로 할 때는 어떤 때인지, 그때의 마음과 생각은 어떠한지를 기록하고 그런 감정과 생각이 들 때 대신할 대안 행동 찾기. 격렬한 운동, 십자수, 친구와 수다, 산책, 독서, 그림 그리기 등. 단, 핸드폰을 활용한 활동 X ㅁ 핸드폰은 집에 두고 야외활동을 하거나 핸드폰을 만지지 않으면 보상을 주는 방법 사용하기 ㅁ 타임 타이머, 핸드폰 사용 시간 지정하는 앱 활용하기 유료 앱 ‘Forest’ 사용 금지 시간을 정해 그 시간 동안 핸드폰을 안 보는 만큼 나무를 성장시키고, 협력 환경단체가 실제로 심습니다. ㅁ 게임이나 핸드폰으로 회피하게 만들었던 이유 살펴보기 시험 기간만 되면 방 청소를 하고, 시사 다큐멘터리도 재밌어지는 이유는!? "
15,"스트레스로 가득한 학기를 보내고 나서 어떻게 회복시키는 게 좋을까요? 특히, 활동적인 방법과 정적인 방법 중에 무엇이 더 낫나요?"," 정답은 늘 그렇듯 ‘균형’에 있습니다. 유명한 볼거리를 찾아간다거나 친구를 만나는 것도 좋습니다. 또한 안락의자에 앉아서 편안하게 휴식을 취하는 것도 지친 활력을 회복시키는 데 도움이 됩니다. 먼저, 다른 약속을 잡지 않고 집에서 조용히 쉬면서 회복시키는 것도 좋은 선택입니다. 그다음 좀 지루해졌다 싶으면 계획을 세우고 원하는 것을 하면 됩니다. 이와 반대로 처음부터 활동적인 무언가를 해야 잘 쉬었다고 생각하는 사람들도 있겠죠? 중요한 것은 윤이 님이 무엇을 필요로 하는지 깨닫는 것입니다. 잘 깨닫지 못해도 상관없습니다. 그때그때 필요에 따라 윤이 님의 계획을 바꾸면 되니까요. "
16,번-아웃된 것 같아요. 어떻게 예방할 수 있나요?," burn-out(소진) 증후군의 대표적인 증상 3가지입니다. ① 에너지의 고갈(피로) ② 업무에 대한 스트레스와 냉소적 태도 ③ 업무와 일상에서의 효율 감소_x000D_
 때때로 우리는 자기 일을 열심히, 그리고 잘 해내고 싶은 마음에 자신이 할 수 있는 것보다 많은 일을 하게 됩니다. 그러다 높은 기준에 도달하지 못하는 자신을 마주하게 되면 죄책감, 수치심 등의 부정적 감정을 가지게 되며 서서히 지쳐갑니다. 너무 잘하려는 비현실적인 목표를 내려놓고 현실적으로 조정하는 것이 당장은 불안할 수 있습니다. 그러나 결국은 지치지 않고 꾸준한 성과를 통해 더 나은 목표에 도달하는 윤이 님을 만나실 수 있을 것입니다. 또한 “계획된 휴식”을 추천해 드립니다. 가벼운 산책 후 소파에 늘어져 좋아하는 TV 프로그램을 보는 계획을 세우거나, 업무량에 따라 시간을 조절하는 등의 방식으로요."
17,좋은 정신건강을 위해 일상에서 하면 좋은 습관은 무엇이 있나요? ," 좋은 정신건강으로 지낸다는 것은 누구나 바라는 일일 것입니다. 추천해드릴 습관은 아주 많지만, 핵심적인 것만 몇 가지 안내해 드릴게요. ㅁ I’m OK, you’re OK! 관점 가지기 ㅁ 자신을 돌보고 가꾸는 활동하기 ㅁ 가끔 일탈 즐기기 ㅁ 좋은 사람들과 함께 즐거운 시간 보내기 ㅁ 지나친 욕심에서 벗어나 작은 것부터 만족하기 ㅁ 미래보다는 현재에 집중하기"
18,정신건강에 문제가 생겼을 때 나타나는 신체적 증상이 있나요?," 신체 증상은 심리적인 스트레스가 적절하게 표현되지 못했거나 해소되지 않았을 때 발생합니다. 미해결된 부정적 감정들이 몸을 통해 표현되는 것이죠. 신체 증상이 나타났을 때 먼저 병원에서 의학적 검사와 진단을 받아보고, 뚜렷한 원인이 발견되지 않는다면, 심리적인 요인을 고려해볼 필요가 있습니다. 스트레스가 심할 때 흔히 겪는 신체 증상으로는 두통, 복통을 포함한 각종 통증과 만성피로가 있습니다. 또한 면역력 저하로 인한 다양한 질병과 증상들도 유발됩니다. 특히, 긴장, 불안, 공포가 심할 때는 심장 두근거림, 호흡 불편감, 식은땀, 가슴 통증 등이 나타날 수 있고, 심하면 과호흡을 동반한 공황 증상이 나타나기도 합니다. 중요한 이벤트나 시험을 앞두면 속 쓰림, 과민성 대장 증후군 등을 경험할 수 있고, 스트레스나 우울감이 심할 경우 가슴 답답함, 식욕 저하 혹은 폭식, 과수면 혹은 불면증, 손 떨림, 이명, 소화불량, 손/발 저림 등 다양한 증상들이 나타날 수 있습니다. 따라서 평소 자신의 마음 상태를 잘 인식하고 스트레스나 부정적인 감정이 누적되지 않도록 잘 해소하는 것이 중요합니다. 스트레스를 받을 때 윤이 님께 주로 어떤 증상들로 표현되는지 미리 파악하고 있다면, 심리적 건강 상태에 대한 경고 신호로 활용할 수 있을 것입니다."
19,"감정적으로 무뎌진 것 같아요. 기쁨, 슬픔, 분노 등의
표현이 힘들고 어렵습니다. 우울증인가요?","감정적 경험이나 반응 표현이 점점 둔감해지고 저하된 상태를 ‘ 무감동 ' 혹은 ‘ 무쾌감증 ' 이라고 설명해 드릴 수 있겠습니다. 우울증에서 흔히 나타나는 증상이며 주요 우울장애 환자의 약 가 무쾌감증을 경험하고 있습니다. 하지만 무쾌감 상태라고 모두 우울증인 것은 아니기에 개인에 따라 원인을 살펴볼 필요가 있습니다._x000D_
크고 작은 스트레스로 우울감을 경험하게 되었거나 심한 불안 상태에 오래 노출되어 지쳤을 경우 적절한 보람과 보상이 없는 일을 하며 오랫동안 버텨 왔거나 반복적인 좌절 경험으로 무기력한 상태가 되었을 수도 있습니다. 또, 번아웃 되며 마음의 에너지가 고갈되었을 때도 이런 경험을 할 수 있습니다._x000D_
한 마디로 감정을 느끼고 표현하는데 필요한 에너지가 부족한 상태가 된 것입니다. 이런 상태가 심각하고 오래되었다면 상담을 받아보시기를 권해 드립니다. 스스로 해볼 수 있는 방법도 함께 알려드리니 시도해보세요._x000D_
1. 즐거움과 편안함을 주는 작은 활동을 시도해보기_x000D_
2. 부담없이 집중할 수 있는 취미 활동하기_x000D_
3. 가까운 사람들에게 내 상태를 알리고 용기 내 고민을 이야기하기_x000D_
4. 이전의 좋았던 경험이나 긍정적 미래 상상하며 줄은 감정 느끼기_x000D_
*추천 도서 [어느 날 갑자기 무기력이 잦아왔다 (클라우스 베른하르트)]"
20,평소 괜찮다가 울컥울컥 우울함이 올라와 사라지지 않고 맴돌아요. 어떻게 하면 부정적 생각을 떨치고 이 악순환에서 빠져나갈 수 있을까요? ,"생활하다 우울감이 한 번 올라오면 잘 사라지지 않고 기존에 잘해왔던 일도 하기 버겁게 느껴지시나 봅니다. 만약 이런 것이 일생을 유지하는 테 방해가 될 정도 즉, 학업 수행, 대인관계 유지 등 윤이 님이 원하는 삶을 꾸려가는 것이 어렵게 느껴지신다면, 헬스케어센터 같은 상담 기관이나 정신건강의학과를 찾아서 지금의 우울감이 일시적인지 치료가 필요한 상태인지 점검받아보시면 좋을 것 같습니다._x000D_
혼자 해볼 수 있는 방법 증 ‘인지행동치료’ 방식을 소개해드릴게요. 자신을 괴롭게 하는 부정적 생각이 어떤 상황에서 주로 발생하는지, 어떤 생각 혹은 어떤 기억이 그런 감정을 느끼게 하는지 잘 관찰해보는 것입니다. 다음으로 그 생각이 진짜인지 확인해보는 것입니다. 오류가 있지는 섬 않는지, 진짜 내가 믿을 만한 생각인지 다시 판단해보는 것이죠. 이 활동을 할 수 있도록 안내된 책을 소개해드리며 헬스케어센터에 방문하시면 대여도 가능함을 알려드립니다._x000D_
*추천 도서 [똑똑한 인지행동치료(Stephen Briers)]"
21,스트레스받는 하루를 보내고 혼자 있을 때면 정신이 와르르 무너지고 그동안의 나쁜 기억들이 떠올라 무력해요. 무력감에서 빠져나올 수 있는 방법은 뭐가 있나요?,"스트레스는 우울감과 관련이 깊습니다. 만성적이고 반복되는 스트레스는 우울을 강화하지요. 나아가 수용 범위를 벗어나는 스트레스는 우리가 평소 유지하던 마음의 안정을 저하하고 유연성을 잃어 경직되게 합니다. 이로 인해 현재에 머물지 못하고 과거에 경험한 문제들을 회상하며 사고와 감정이 점점 더 경직되고 좌절감과 무력감이 일어납니다. 이는 다시 스트레스 대처에 어려움을 주고 더 큰 우울감과 무력감의 악순환에 빠지게 됩니다.
이를 해결하기 위해서는 잃어버린 유연성을 되찾아야 합니다.
1. 관계나 자아, 성취 등 삶에서 채워야 할 큰 가지 외에도 작은 조각들을 통해 충분히 안정감과 유연성을 회복할 수 있습니다. 소소한 기대와 만족 작은 성취들이 쌓여 회복을 위한 발판이 만들어집니다.
2. 스트레스의 원인을 탐색하고 상황 요인 외 자신이 가지고 있는 다른 가지들(비현실적 완벽주의 등)로부터 비롯된 것은 없는지 돌아봅니다.
부정적 감정들로부터 한 번에 탈주를 하기 위한 거창한 시도보다는 작은 시도와 만족, 자신의 노력에 대한 부분 점수 주기 등을 통해 잃어버린 유연성을 회복하세요. 이런 시도들이 쉽지 않다면 전문가의 도움을 받아보시기를 권합니다
*추천 도서[작은 것의 힘(Aisling Leonard-Curtin, Dr. Trish Leonard-Curtin)]"
22,우울할 이유가 없는데 우울하고 슬프다는 생각이 사이클처럼 반복되는 것 같아요. 이유 없이 우울할 수 있나요? 이럴 때 바로 병원에 가야 하나요?,"네. 이유 없이 우울할 수 있습니다. 우울한 느낌이 주 증상인 우울증 조울증과 같은 기분장애도 특별한 사건과 관계없이 발생할 수 있습니다. 많은 사람이 질병에 특별한 원인이 있을 거로 생각하지만 그렇지 않은 경우도 많습니다. 그러니 우울감으로 자주 힘들어서 일, 친구, 가족에서 문제가 생긴다면 더 나빠지지 않고 만성화되어 윤이님의 일부가 되지 않도록 조기에 치료하는 것이 중요합니다._x000D_
스트레스가 되는 사건이 없더라도 호르몬의 변화 약물 부작용 등으로 우울해질 수 있습니다. 감염으로 발생한 전신 염증 반응으로도 기분이 우울해질 수 있고 위암이 생긴 조기에는 소화기 증상도 없어 진단을 받고 우울해질 수는 있지만, 진단을 알기 전에는 기분에 미지는 영향이 없습니다. 그런데 뇌의 특정 위치에 뇌암이 생기면 크기가 작아도 기분 조절에 영향을 주기도 합니다. 우울감은 특별한 사건의 결과가 아니라 뇌가 어떠한 이유에서든 제 기능을 못 할 때 나타나는 증상일 수 있습니다._x000D_
감기 바이러스에 노출되면 감기에 걸리지만 감기 바이러스에 노출된 모두가 감기에 걸리는 것은 아닙니다. 게다가 감기 바이러스가 감기로 그치지 않고 위험한 폐렴이 되기도 하죠. 우울증이 감기 정도면 괜찮지만, 폐렴이 되기 전에 자신을 보호하는 것이 중요하기에 삶의 영역에 영향을 끼친다면 병원에 방문하시길 권유 드립니다."
23,"힘든 줄 모르다가 괜찮아지면 “아 그동안 내가 힘들었구나""를 느낍니다. 힘들 때 힘든 걸 어떻게 인식할 수 있고, 조치를 취해야 하는 정도로 우울하다는 걸 어떻게 알아차릴 수 있나요?","내가 힘든 것을 어떻게 알 수 있을까? 에 대한 답은 “ 나만의 스트레스 위험 신호를 찾는 것 ” 입니다._x000D_
당시에는 잘 느끼지 못했지만 힘든 상태에서 벗어났을 때 돌이켜보면 평소와 다른 나의 모습들을 찾을 수 있습니다. 어떤 사람은 스트레스를 받으면 입맛이 없어지거나 폭식을 하기도 하고, 할 일을 회피하거나 오히려 문제를 해결하려 더 골몰하여 자신을 몰아붙이기도 합니다. 사람들을 만나는 게 피곤해지고, 일에 집중이 안 되거나 불면증 혹은 과수면이 나타나기도 하고요. 윤이 님은 어떤 신호가 있으신가요?_x000D_
혼자 알아보기 힘들다면 가까운 사람들에게 ‘난 스트레스 받으면 '어떻게 티나?’라고 물어보는 것도 좋은 방법입니다. 지인들도 잘 모른다고 할 때는 윤이 님이 감정인식이나 표현을 잘하지 않는 성격일 수도 있습니다. 그럴 땐 간단한 심리검사를 정기적으로 체크해보며 내 기분 상태에 어떤 변화가 있는지 추적 관찰해보는 것도 좋습니다._x000D_
우울을 포함한 대부분의 심리적 문제들은 사회 직업 개인적 영역에서의 문제나 손상이 발생할 정도일 시, 전문적 치료가 필요하다고 판단합니다. 하나씩 마음을 살피다 보면 자신의 신호와 대처법을 찾으실 수 있을 겁니다!!_x000D_
*추천 도서[멘탈싸인:내 마음이 보내는 50가지 이상 신호(James Whitney Hicks)]"
24,스스로 남들과 비교하고 주변의 칭찬과 긍정적 평가에도 제가 더 못났다고 생각합니다. 스스로에게 관대하지 않다 보니 무기력해지고.. 어떻게 하면 저를 사랑할 수 있을까요?,"마음이 복잡하고 스스로 만족스럽지 못할 때 우리는 다른 사람과 비교하게 되고 다른 사람의 칭찬의 말도 곧게 듣지 못하고 다르게 해석하게 됩니다._x000D_
마음을 편안하게 하고 스스로 아껴주고 사랑하는 방법은 바로 있는 그대로의 자신을 받아들이는 것입니다. 무엇을 잘해야, 여러 조건이 충족되어 완벽해야지만 괜찮은 사람이 아님을 마음에 새기고, 그냥 자신을 수용하는 것입니다._x000D_
성적이 안 좋을 수도 있고, 남들보다 일하는 속도가 2배 느릴 수 있고, 할 말을 다 해 주변 사람들과 갈등이 많을 수도 있습니다. 외모가 특출나지 않을 수도 있고, 금전적으로 풍족하지 않을 수도 있습니다._x000D_
그러나 그런 자신을 좋다 싫다 평가 없이 받아들이고, 대접받고 싶은 만큼 자신을 잘 대하다 보면 절로 마음이 편해지고 다른 사람을 덜 신경 쓰게 됩니다. 잠시 기분이 나쁘더라도 금방 털어내고 사건 자제에 대해서 기분이 나쁘더라도 자신에게까지 뻗치지 않게 될 것입니다. 자신을 수용하는 데 도움이 될 만한 책을 추천해 드립니다._x000D_
*추천 도서[현대인과 정신건강(이동식)]_x000D_
*추천 도서[받아드림(Tara Brach)]_x000D_
*추천 도서[자존감(이무석)]"
25,우울증이 있는데 극복이 쉽지 않아요. 가끔씩 정말 다 포기하고 싶기도 하지만 그냥저냥 생활을 유지하고 있습니다. 자책하는 상황도 힘들고..,"우선 모든 걸 포기한 죽음에 대해 생각하거나 충동이 있는 상태라면 현재 자신이 지각하는 정도보다 더 도움이 필요한 상황이라 판단됩니다. 빠른 시일 내에 헬스케어센터를 찾으셔서 전문적 평가와 면담을 받아보시길 권해드립니다._x000D_
우울증은 도파민, 세라토닌, 노르에피네프린 같은 신경전달물질의 감소로 인해 주로 발병합니다. 그렇기 때문에 시간이 약이다, 의지로 이겨내야 한다는 생각은 적절한 치료를 방해하고 우울증을 지속시키게 됩니다._x000D_
끝으로 자책에 대해서 조심스레 한 말씀 드리자면, 자신을 책망하는 방법은 타인과는 갈등을 일으키지 않는 어쩌면 쉽고 간편한 방법일 수 있고, 현재를 버티고자 선택한 방법일지도 모릅니다. 지금까지 버텨오신 것만도 고생 많으셨습니다. 하지만 그 아픔을 감당하고 있는 윤이 님 자신을 이제 따뜻하게 안아줘도 되지 않을까요?_x000D_
나도 모르는 내 마음을 어떻게 다 설명할 수 있을까요? 힘든 만큼 스스로 다스리기 쉽지 않을 것입니다. 그렇기에 정확한 도움을 제공하는 기관들을 이용하시기를 간곡히 말씀드립니다._x000D_
*UNIST 헬스케어센터 상담 신청->click"
26,주변 상황을 컨트롤할 수 없거나 해결방법을 찾지 못한다 느끼면 우울감이 올라옵니다. 지금 당장 할 수 있는 일은 도움도 안 될 테니 해서 뭐하나 싶어 전부 포기하고 싶어집니다. 어떻게 대처할 수 있나요?,"살아가면서 자신 말고는 컨트롤할 수 있는 게 많지 않죠. 그러나 우리는 상황을 컨트롤하려고 노력하다 보니 얼마나 힘이 드는지 모릅니다._x000D_
우선 살펴봐야 할 것은 컨트롤할 수 없거나 해결방법을 찾지 못할 때 어떠한 감정이 드는가? 하는 것입니다. ‘어찌할 바를 몰라 난처한가요?', ‘도와주는 사람 없이 홀로 헤맬까 불안한가요?' 꼭 예시와 같지 않아도 걱정, 불안, 우울 등의 단어 속에 숨어있는 내 마음을 들여다봐야 합니다. 마음을 설명할 말을 잦게 되면 “아, 이건 내가 안달하지 않아도 다른 방법을 찾을 수 있다는 스스로에 대한 확신과 믿음을 가지거나 때로는 내가 어찌할 수 없는 일도 있구나.” 하고 마음을 편히 먹고 심신을 다잡을 수 있습니다. 혹은 지금 당장 할 수 있는 일이 별로 도움이 되지 않을 거라 생각하지만, 막상 하고 나니 엉뚱하게도 도움이 되더라 하는 경험도 하게 됩니다._x000D_
자신의 삶에 펼쳐지는 일들에 대해 컨트롤하고 발생한 문제에 대한 해결방법을 아는 사람이 과연 있을까요? 한 명도 없을 것입니다. 슬프게도 우리는 불확실에 대한 불안을 가지고 살아가야 합니다. 그래서 지금 여기서 할 수 있는 일을 찾아 행동하는 것이 중요합니다. 영 쓸모없어 보여도 지나고 나면 가장 훌륭한 해결방법일 때가 많습니다._x000D_
*추천 도서[30년 만의 휴식, 마음(이무석)]"
27,깊은 우울함에 빠진 친구에게 동화되는 것 같아요. 우울증이 있는 상대방의 행동이나 말을 어떻게 대처하고 받아들일지 고민입니다.,"친구 관계에서 정서를 나누는 일은 빈번하고 분리가 어려운 영역입니다. 힘들어하는 친구를 도우며 자신도 여러 감정을 경험하게 되는데 짧은 기간 자신이 감당할 수 있는 수준의 감정 접촉은 일상생활에서 자연스레 해소되는 경우가 많습니다. 그러나 보호 요인 없이 긴 시간 상대와 감정을 접촉하게 되면 자신 또한 감정의 회복까지 시간이 걸리게 되겠죠._x000D_
1. 우울감이 지속하면 부정적 감정과 사고가 반복하여 일어나며 자기비하적 사고, 무망감, 무력감 등을 호소하게 됩니다. 따라서 우울한 사람이 가지는 생각의 고리에 의한 표현들 하나하나에 의미를 담아 받아들이기보다 증상으로서 이해해야 합니다._x000D_
2. 적절한 거리를 유지하여 자신을 보호해야 합니다. 상대방이 부정적 감정을 표현할 때 돕고 싶은 마음을 충분히 표현하되 그런 말과 행동이 자신에게 어떻게 받아들여지고 있는지를 충분히 알려주시는 것도 좋습니다._x000D_
3. 상대의 상황과 감정을 이해하고 수용하여 건강한 공감 반응을 합니다._x000D_
""친구야, 네가 힘들어하는 모습이 신경 쓰이고 마음도 아프다. 도움도 주고 싶은데 어떻게 도울지도 모르겠고, 무작정 들어주기만 하는 것도 너에게 적절한 도움을 못 주고 있다는 생각에 나도 좀 무기력하다는 걸 느껴. 나에게도 어느 정도 회복할 수 있는 시간과 공간이 필요한 것 같아."""
28,"가족이 힘든 일을 겪을 때 계속 하소연을 들어주며 강한 척 위로하지만, 제 속마음은 너무 아픕니다. 외면할 수는 없으나 감정 쓰레기통이 되고 싶지는 않아요. 건강한 관계를 만들 수 있는 방법이 있나요?","가족, 참 가깝고도 어려운 관계입니다. 오랜 기간 함께 지내며 암묵적인 규칙도 있는지라 변화를 시도하기가 쉽지 않습니다. 그러나 해결되지 않은 부정적 감정은 켜켜이 쌓여있다. 나중에 더 나쁜 모습으로 등장하게 됩니다. 더 힘들어지기 전에 윤이 님의 최소 방어 한계선을 만들어봅시다._x000D_
힘든 감정은 다른 사람에게 전가하거나 일방적으로 받아주는 것이 아니라 함께 손을 잡고 해소하는 것이 좋습니다. 서로 간에 적당한 간격을 유지하며 감정을 소통하는 것이 가장 건강한 방법이겠지요. 즉, 내어줄 수 있는 마음의 여유가 어느 정도인지 스스로 아는 것도 중요하고, 상대방에게 그것을 알려주는 것도 필요합니다._x000D_
""엄마, 오늘은 제가 조모임이랑 프로젝트가 있어서 통화하는 게 좀 어려울 것 같아요. 바빠서 마음에 여유가 좀 없네요.""_x000D_
이런 방식이 익숙하지 않기 때문에 죄책감이 들고, 상대방도 불만을 표현 할 수 있지만, 눈앞의 불편함을 피하려다 언젠가 더 큰 문제가 생길 수 있음을 기억하세요. 가족 문제는 워낙 다양하고 복합적이지만 아주 시급한 문제가 아니라면 우선 자신을 보호하고, 할 수 있는 만큼의 도움을 주세요. 그래야 윤이 님도 침몰하지 않고 오랫동안 가족과 함께 할 수 있습니다._x000D_
*추천 도서[내 문제가 아닌데 내가 죽겠습니다(Eudes Semeria)]_x000D_
*추천 도서[딸은 엄마의 감정 쓰레기통이 아니다(Rika Kayama)]_x000D_
*추천 도서[관계에도 연습이 필요합니다(박상미)]"
29,휴학 중인 학생입니다. 스스로가 한심하고 초라하게 느껴져 무기력해요. 새로운 시도는 버겁고 무섭습니다. 저 하나 보고 계신 가족들 핑계 삼아 살아갑니다.,"안녕하세요 윤이 님 글을 한참 읽고 윤이 님께는 짧은 편지를 쓰고 싶어졌습니다. 이 글이 어떻게 전달될지 모르겠지만 작은 힘이 되었으면 좋겠습니다._x000D_
새로운 시도와 변화가 두려우셨을 텐데 용기 내 이렇게 글을 보내주셔서 감사합니다. 지금의 두려움을 넘어 변화되길 원하는 마음이 느껴졌고 혼자 끙끙댔을 시간이 얼마나 힘들고 울고 싶었을까 짐작해봅니다._x000D_
어떤 변화를 마주해야 하는지 모르겠지만 감정을 숨기는 데에는 분명 한계가 있습니다. 마음대로 되지 않는 현실에 대한 아쉬움, 실망감, 자신에 대한 초라함, 부끄러움, 가족들에 대한 미안함, 부담감 등등 이러한 감정을 조금씩 나눌 수 있으면 어떨까 말씀드려 봅니다. 지금 윤이 님이 내놓을 수 있는 감정을 분류해보시기 바랍니다. 그리고 터놓을 수 있는 대상에게 자신의 상황을 알려보세요. 감정을 나누는 것은 결코 나약해지거나 상대방에게 부담을 주려는 것이 아닙니다._x000D_
“나 요즘 힘들어. 일도 잘 안 풀리고 자신감은 바닥이고.. 이런 내가 초라한데 바라보고 있는 가족들 생각하면 미안하고 부담도 되고 어디서부터 어떻게 풀어나가야 할지 하나도 모르겠어.” 라고요._x000D_
마지막으로 윤이 님의 솔직한 마음을 들은 가족들은 이해하고 수용하실 것입니다. 윤이 님이 가족들을 생각하며 버텨온 것만큼 가족들에게도 윤이 님이 소중한 존재입니다. 혼자 짊어지지 않아도 됩니다._x000D_
조금 늦더라도, 조금 어렵더라도 자신의 시간대로 가면 우리는 결국 모두 같은 선에서 마지막 일몰을 보게 됩니다. 좀 천천히 가도 되잖아요!?"
30,영원히 우울증이 없는 일상을 보낼 수 있을까요? 아니면 직면해서 극복해야 할 인생의 한 부분이라고 생각해야 하나요?,"우울을 Depressive disorder가 아닌 Depressive emotion으로 생각한다면 불가능하리라 생각합니다. Depression과 비슷한 Anxiety로 바꿔 생각해보면 anxiety-free daily life가 가능할까요? 불안이 없다면 아이는 엄마가 경고해도 위험한 행동을 하다 크게 다치거나 죽게 될 수 있습니다. 불안감이 없다면 우리는 행동의 전략을 수정하는 데 문제가 생길 수 있습니다._x000D_
좌절을 겪은 후 우울한 것은 정상적인 반응입니다. 부모님이나 배우자의 사망과 같은 안타까운 일에 우울하지 않을 수는 없습니다. 원하던 목표에 도달하지 못하거나 사람들로부터 좋지 않은 시선을 받는다. 느끼는 것 모두 우리를 슬프고 무기력하게 만듭니다._x000D_
어쩌면 우리는 우울을 안 느끼는 삶을 살아야 하는 것이 아니라 힘들면 우울감을 느낄 수 있음을 받아들이고 대신 우울감이 내 삶의 다른 부분을 망가뜨리는 것을 막으며 살아가는 것 아닐까요? 실패로 무기력하고 슬프지만, 다시 도전하고 다른 대안을 찾아보려 노력하는 것처럼 말이죠 ._x000D_
우울함이 우리를 덮쳐올 때 뇌에서 즉시 명령을 내려봅시다._x000D_
""지금 이 상황이 좀 암울하긴 해. 그렇지만 우울하다고 해서 그게 내 삶의 전부인 건 아니야. 도 도전하거나 안되면 까짓거 던져버리지 뭐!!"""
31,"우울증에 걸렸었던 것 같은데, 우울증에서 완전히 빠져나왔다는 것을 어떻게 알 수 있을까요?","12번 질문의 답과 같이 ‘전혀’ 우울감을 느끼지 않는 것은 불가능합니다. 우울한 느낌 정도가 아닌 우울증이었다면 재발에 주의해야 합니다. 아마 이 부분이 궁금했던 질문이 아닐까 싶습니다. 한 번 우울증을 경험했던 사람은 60%가, 두 번 경험했으면 70%가 세 번이면 90%가 재발한다고 합니다. 그만큼 초기에 잘 치료받는 것이 아주 중요합니다._x000D_
예전에는 기분이 괜찮아졌으면 다 나은 것으로 판단하고 치료를 중단하는 경우가 많았다고 합니다. 그래서 위와 같은 높은 재발률이 나온 것이 아닐까 싶습니다. 요즘은 기분뿐 아니라 직장, 사회생활, 가족관계 등에서 모든 환경이 이전과 같은 수준으로 회복되는 것을 확인하고 치료를 중단하게 권유하며 이럴 경우 재발률이 확연히 낮아진다는 결과들이 보고되고 있습니다._x000D_
이전의 기능으로 돌아오는 정도를 넘어 자신의 기분을 관리하는 방법, 어려운 일에 압도되지 않는 방법, 주변으로부터 도움을 잘 받는 방법 등을 배운다면 한층 더 성장할 수 있지 않을까요? 그러면 우울한 느낌을 느끼더라도 우울증을 경험하는 것을 예방할 수 있을 것입니다. 혹시 우울증을 경험하더라도 조기에 찾아내 치료를 받을 수도 있을 것이고요._x000D_
우울증에서 완전히 빠져나왔음은 일상의 기능 수준을 통해 확인하시되 앞으로는 우울감을 어떻게 다스릴지 탐색해보시길 추천해 드립니다."
32,덜 우울해지기 위해 주말에도 몸을 많이 움직이려 노력하는데 그러면 밤에 너무 피곤하긴 해요. 편하게 마음을 쉬게 할 방법 추천해주세요.,"우울해지지 않기 위해 몸을 많이 움직인다는 것은 우울하게 만드는 생각을 적게 하기 위한 방법이라고 생각이 되네요. 그렇다 간주하고 답변드릴게요. 생각은 꼬리에 꼬리를 물고 늘어집니다. 현재 걱정하고 계시는 것이 있다면 한 발짝 떨어져 다시 한번 들여다보도록 합시다._x000D_
비교적 단기간 해결할 수 있는 문제라면 자리를 털고 일어나 하나씩 행동해야 합니다. 앉아서 고민한다고 내일 뚝딱 해결되지 않기 때문입니다._x000D_
단기간 해결할 수 없는 문제라면 차례대로 문제의 해결법을 나열하고 단계별로 처리해가는 계획을 수립해 실천해야 합니다. 가장 주의할 것은 기간도 오래 걸리고 윤이 님의 의지나 능력으로 도무지 해결되지 않을 문제일 때입니다. 어쩔 수 없어서 환장하게 만드는 것들이죠. 이때 우리에게 외칠 수 있는 유명한 말이 있습니다._x000D_
""그까짓(?)게 무슨 의미가 있냐!!!!""_x000D_
불확실한 미래로 인해 끙끙 앓으며 고민하는 것보다 미래는 미래의 일로 기꺼이 두고, 지금 당장 여기에서 할 수 있는 것에 집중하고 느끼는 것이 훨씬 더 도움이 됩니다._x000D_
그렇다면 마음을 편히 쉬게 하는 방법은 무엇이 있을까요?_x000D_
1. 윤이 님처럼 몸을 움직이는 방법을 추천해 드립니다. 사람마다 조금씩 기준이 다르겠지만 적절한 운동과 활동적인 취미는 신체와 정신의 건강을 모두 챙기는 방법입니다._x000D_
2. 좋은 사람들을 만나 즐거운 시간을 보내는 방법을 추천해 드립니다. 재미있는 이야기로 시간을 채울 수 있는 사람, 내 마음을 터놓을 수 있는 사람, 지지와 응원을 해주는 사람, 같이 화를 내줄 수 있는 사람 등 여러 관계성이 존재할 텐데 윤이 님의 필요에 맞게 활용하시면 좋겠습니다._x000D_
3. 요즘의 나에게 필요한 것 채워주기 방법을 추천해 드립니다. 실제로 저도 스트레스나 채워지지 않는 욕구들을 재우기 위해 활용하고 있는데요. 집콕 기간이 길어지면서 집에서 할 수 있는 힐링템들을 하나씩 늘리는 것입니다. 길게 유지하지 않아도 됩니다. 실천했다는 것만으로도 의미 있는 일이니까요. ex) 홈팜 가꾸기, 미니 레고 조립하기, 스도쿠 풀기 등_x000D_
이와 다른 방법들이 있지만 가장 중요한 것은 작은 즐거움, 옅은 힐링의 느낌을 캐치하고 음미하는 것입니다. 작은 즐거움이 쌓이면 큰 즐거움이 되고 만족감이 차오르게 될 것입니다."
33,완벽주의나 강박증은 약 복용으로 완치가 되나요? 다른 치료 방법도 있나요?,"강박증의 경우 세로토닌 계열의 항우울제가 증상 완화에 도움이 되는 것으로 알려져 있습니다. 독특한 점은 우울증보다 고용량에서 반응이 더 좋은 경우가 있다는 것입니다. 또한 강박증으로 힘들다 보니 이차적으로 우울증도 생기는 경우가 있는데 항우울제 용량만 보고 ‘내가 많이 우울해 보여서 고용량을 처방받았나?’라고 생각하지 않으셨으면 합니다._x000D_
강박증은 약물치료 단독보다는 행동과 인지에 변화가 함께 생겨야 치료 효과가 좋은 것으로 알려져 있습니다._x000D_
완벽주의라고 불리는 것은 정신질환 진단명은 아니며 강박성 성격 장애에서 자주 나타나는 현상입니다. 강박성 성격장애가 있을 때 스트레스 상황을 만나면 강박증이 발병하기 쉽습니다._x000D_
완벽주의라는 말은 일을 완벽하게 해내려고 최선을 다하는 긍정적인 모습을 표현하기 위해 사용되지 않고 작은 부분에서 완벽하지 못하단 느낌이 들면 일을 진행하는 데 어려움을 겪는 역기능적인 모습을 표현하기 위해 쓰입니다. 예를 들어 에세이를 잘 쓰려면 초고를 일단 완성하고 퇴고를 여러 번 하는 것이 좋다는 것은 머리로 알지만, 첫 문장조차 완성하지 못하는 경우가 있습니다. 이런 성격적 부분이 강하다면 관련 상담이나 인지행동치료가 동반되어야 하며 보조적으로 약물치료도 도움이 됩니다."
34,요즘은 취향이나 성향을 많이 존중하는 시대라서 강박이나 중독의 수준이라고 알아차리기 어려워요. 실생활에서 접할 수 있는 구체적 예시가 궁금해요.,"강박사고와 행동은 강박 장애가 있을 때만 가지는 현상이 아닙니다. 우울감을 우울증 환자들만 느끼는 것이 아닌 것처럼요. 많은 경우 스트레스가 원인이며 동물들도 스트레스 상황에서 강박 장애 환자와 유사한 모습들을 보입니다._x000D_
가장 흔한 증상으로는 오염되었다는 생각과 씻는 행동, 문이나 가스 밸브를 잠그지 않았으면 어쩌나 걱정하는 생각과 반복적으로 확인하는 행동, 물건이 대칭을 이루지 않으면 불안해져 계속 정돈하는 행동이 있습니다._x000D_
이런 생각과 행동을 하는 것 자체가 문제인 것은 아닙니다. 감염의 위험에서 자신을 보호할 수 있고 꼼꼼히 챙겨 실수를 줄이고 피해를 줄일 수 있습니다._x000D_
그러나 자신이 생각하기에도 이 생각과 행동에 너무 많은 시간과 에너지를 소모해 힘이 들고 그만두고 싶을 때도 줄일 수 없다면 문제가 됩니다 ._x000D_
오염이나 확인 같은 경우도 씻다 피부가 벗겨져 감염을 막아줄 피부 장벽을 잃어버리는 사람도 있고 문이나 밸브를 확인하다 약속을 지키지 못해 우울증에 걸리는 사람도 있습니다._x000D_
내려가는 계단 앞에서 걸리적거리는 사람을 ‘밀어버리고 싶다’는 생각이 문득 스칠 수는 있으나 반복적으로 생각이 들어 다른 일에 지장을 준다면 삶이 힘들어집니다. 심한 경우 자신이 진짜 밀친 건 아닐까 걱정하며 CCTV를 확인하는 사람도 있으니 말이죠._x000D_
모든 일이 그렇듯 조기에 치료하는 것이 만성화된 경우보다 쉬우므로 만약 생활에 불편함이 생겼다면 빠르게 치료를 알아보시기 바랍니다._x000D_
""상담사: 저는 어렸을 때부터 손을 반복해서 씻는 강박적 행동이 있었어요. 그래서 눈병이 유행할 때도 걸려본 적이 없었어요. 그런데 자주 씻으니 피부가 갈라지고 약해져 수포가 생기는 등 어려움이 생겼어요._x000D_
제가 손을 씻는 이유는 손에 먼지나 나쁜 균들이 묻는 것 같았기 때문이었는데 오히려 피부가 아프게 되니 다른 사물을 덜 만지는 방향으로 불안 해소의 방향을 바꿨어요. 그리고 스스로 잘 관리하고 있다는 자신이 생기니 강박적인 사고가 줄어들었어요"""
35,"제가 걱정하는 부분에 대해 타인에게 재차 확인하는 질문을 합니다. 그러면 좀 안심될까 해서요. “이거 괜찮겠지? 그 일 했어? 확인도 했지?” 등.. 혹여나 자녀가 배우진 않을지 걱정도 됩니다. 참고 삼키는 게 나을지, 정신건강에 어떨지 걱정돼요. ","질문을 읽으며 윤이 님께서는 자신을 되돌아보고 알아차리는 힘이 있다고 생각하였습니다. 무엇을 확인하고 싶고 어떤 말을 듣고 싶어 질문하는지에 대해 먼저 알아차리셨네요. 그래서 윤이 님께 작은 과제를 하나 드려볼까 합니다._x000D_
1. 윤이 님이 걱정하는 걸 상대에게 확인하는 이유는 무엇인가요?_x000D_
""스스로에 대한 확신이 없어서? 불안한 마음에 의존하고 싶어서? 잘하고 있다는 안정이 필요해서? 윤이 님의 이유는 무엇인가요?""_x000D_
2. 이유를 찾았다면 걱정도 하고 신경도 썼지만, 윤이 님이 노력해서 잘 해결되었던 상황을 떠올려 보세요._x000D_
3. 윤이님 자신을 잘 다독여 보세요. 도움을 받을 수 있는 사람이 있다면 떠올려봐도 좋습니다._x000D_
""잘하지 못해 남들 앞에서 부끄러웠던 기억이 있어서 이렇게 매번 불안했구나. 괜찮아. 이전에도 이렇게 걱정했지만, 자료도 기한 내 제출했고, 육아도 큰 문제 없이 해나가고 있잖아.""_x000D_
과제를 모두 마치셨으면 다음 스텝을 밟아봅시다_x000D_
거듭 확인하고 질문하는 것이 자녀에게 나쁜 영향이 가지 않을까 염려되고 윤이 님 정신건강에도 도움이 되는지 궁금하신 것 같아요._x000D_
그런 마음을 표현하시면 됩니다._x000D_
""엄마(혹은 아빠)는 oo이가 준비물을 두고 가서 나중에 당황스러울까 봐 걱정돼서 확인하려고 물어보는 거야. oo이 준비물 잘 챙겼니?""_x000D_
""아빠(혹은 엄마)가 평소에 질문도 많고 확인도 많이 하지? 혹시 그런 게 불편하지는 않아? oo이는 그럴 때 어때?""_x000D_
이유를 듣고 자녀의 입장에서 고민해보세요. 무조건 수용하기보다 천천히 서로의 입장을 이해하는 과정을 만들어가는 것이 중요합니다._x000D_
만약 다른 사람이 챙겨주고 알아봐 줬으면 좋겠다는 의존심에 질문한다면 궁극적으로 이 방법을 지속하는 게 좋지 않을 수 있습니다. 과제를 하시며 윤이 님 내면을 들여다보고 감정을 표현하다 보면 자연스럽게 조절하실 수 있을 것입니다."
36,"워킹맘으로서 일도, 육아도 잘하고 싶은데 버겁습니다. 아기 걱정에 잠도 자지 않고, 몸을 혹사시키며 이유식을 만들고, 일을 시작한 뒤로는 자책하며 퇴근길에 눈물도 나더라구요. 아기가 저를 보고 웃어주면 힘이 나지만.. 지금 제게 필요한 게 무엇일까요? 힘이 듭니다.","‘워킹맘’이라는 단어는 일과 육아 두 마리 토끼를 잡는 완벽한 슈퍼우먼을 떠오르게 하는 이상한 힘이 있습니다. 사실은 하루하루 최선을 다해 나에게 주어진 소중한 것들을 지키려 노력하는 평범한 사람 중 하나일 뿐인데 말이죠._x000D_
윤이 님이 육아만 할 때도 완벽주의가 있었다면 원래 가지고 있던 완벽주의 성향이 직장과 육아를 병행하며 더 심해졌을 가능성이 있습니다. 자신을 혹사시키며 했던 것들은 누구를 위한 것이었을까요? 아이를 위해 혹은 엄마는 그래야 한다는 것 사실은 완벽 하고자 하는 나의 마음 때문입니다._x000D_
완벽함을 추구하는 것은 슬프게도 자신이 완벽하지 않음을 계속해 확인하는 과정이 될 수밖에 없습니다. 윤이 님을 괴롭히는 완벽주의를 견고하게 만드는 이유가 무엇일지 먼저 찾아보세요._x000D_
-과도한 책임감 혹은 죄책감_x000D_
-부족하면 비난받을 것이라는 불안감_x000D_
-완벽해야 한다는 압박감 등등_x000D_
근본적 원인을 먼저 파악하고 해결하는 것이 가장 좋습니다. 그러나 당장 너무 힘들다면 다음의 방법들을 참고해보세요._x000D_
1. 나라는 사람의 가치를 일이나 육아에서 오는 성취와 연결 짓지 마세요._x000D_
조금 부족하더라도 윤이 님은 충분히 괜찮은 사람입니다._x000D_
2. 무엇을 더 해야 하는지보다 ""무엇을 했는지”를 생각하세요._x000D_
100점 만점에서 윤이 님이 못한 만큼 마이너스시키는 게 아니라, 0점에서부터 윤이 님이 한 일들에 플러스 점수를 부여해보세요._x000D_
3. 윤이 님의 소중한 자녀가 훗날 비슷한 상황에서 힘들어하고 있을 때 어떤 이야기를 해주고 싶은지 떠올려보시고 본인에게 따뜻하게 들려주세요_x000D_
4. '혼자‘ 고군분투하지 말고 배우자, 가족, 동료들과 ‘함께’ 생각하고 같은 입장에서 경험하는 어려움을 공감하고 위로한다면 자책과 우울감을 덜어낼 수 있습니다._x000D_
5. 본인을 최우선으로 두고 시간과 에너지를 활용하세요. 아이에게 가장 좋은 환경은 맛있는 밥을 먹여주는 부모보다 어떤 밥이라도 행복한 표정으로 먹여주는 부모일 것입니다. 자신을 먼저 돌봐주세요._x000D_
*추천 도서[엄마로만 살지 않겠습니다(김아연)]_x000D_
*추천 도서[나는 워킹맘입니다(김아연)]"
37,"완벽주의 성향이 있어 제 마음대로 안 되면 짜증 나고 제 말에 반박하면 화가 나는 일이 많습니다. 친구들과 얘기해보면 참는 게 가장 현명한 방법이고, 다름을 인정하라고 하지만 실천하기가 어렵습니다.","맡은 일을 잘 해내고 싶은 마음은 누구나 있기 마련이지만 ‘얼마만큼’ 잘 해내고 싶은지에 대한 기준은 각자 다릅니다. 그렇기에 함께 일을 하다 보면 일에 들이는 시간과 노력의 양이 다르게 되고 결과로 드러나게 되면 그동안 참았던 불만이 갈등으로 드러나게 되는 것이지요.
윤이 님도 이런 갈등들이 발생해 힘드셨던 것 같습니다. 친구들에게도 물어보고 어떻게 해야 할 지 개선점도 찾아보고 부단히 노력하셨지만, 막상 실천하는 것은 또 다른 벽에 부딪히는 일이기에 쉽지 않으셨을 거예요. 자 그럼 앞으로는 어떻게 하면 좋을까요?
1.자신의 욕구를 인정하고, 수용하세요. 그리고 팀원들에게 안내해주세요.
""나는 뭐든 맡은 일은 잘하고 싶어 하는 사람이야. 팀원 모두가 비슷한 마음일 거라고 생각하고 있어. 그래서 우리 같이 힘을 뭉쳤으면 해. 팀 전체에게 마이너스가 된다고 생각되는 일들에 되게 민감해지는 경향이 있는데, 나도 팀플하는 동안 최대한 노력하고 조심할게. 서로서로 신경 쓰고 부담스러우면 의논하고 조율해가면서 이 과제 잘 마무리해서 좋은 성과로 남기도록 같이 힘내 보자!""
2. 비난하고 싶은 마음을 잠시 멈춰두고, 냉철한 두뇌를 깨우세요.
갈등이 발생하면 우선 짜증 나고 화도 나고 상대방을 비난하고 싶은 마음이 들 것입니다. 그때 잠시 숨을 고르고 천천히 생각해보세요.
“내 방법이 나에겐 옳지만, 남에게는 아닐 수 있다. 내 기준을 남에게 강요할 수만은 없다 그럼, 여기서 뭘 해야 하지?""
3. 떠오르는 방법들에 대해 윤이 님이 할 수 있는 것과 할 수 없는 것을 구분해야 합니다. 몇 가지 생각해볼 수 있는 예시를 보여드릴게요.
""Q.다른 팀원 분량의 일을 내가 더 할 수 있을까? 나에게 그럴 여유와 시간과 에너지가 있나?
Q.일하는 방법을 모르는 거라면 가르쳐주면 될까?
Q.매주 해야 하는 분량을 아예 정해줘 버릴까?
Q.타인의 동기를 끌어올려 줄 수 있을까?
Q.쉬운 일로 바꿔주거나 일의 양을 줄여주면 수행의 질이 나아질까?""
4. 윤이님이 할 수 있는 방법을 써보아도 마음에 드는 효과가 나지 않을 수 있습니다. 그렇다면 속이 쓰리겠지만 그 사람은 ‘‘윤이""님이 아닌 것을 받아들여야 합니다.
""나도 내 마음대로 안 되는 데 남을 어떻게 다 바꿀 수 있을까요?
내 몸에 아무리 죽은 약이라도 타인에게는 쓰기만 한 물일 수도 있답니다."""
38,"휴식을 취하면 마음이 불편하고 기분이 좋지 않아요. 공부를 해야 한다는 강박감이 있는 것 같아요. 방학에도 계속 자격증 공부를 하고 있는데, 힘드네요. 마음 편히 쉴 방법이 있을까요?","강박은 불안을 기반으로 합니다. 강박사고와 행동은 일종의 불안 조절 시도인 것이죠. 윤이 님은 힘들어도 공부를 지속함으로써 불편한 감정과 생각을 조절하고자 노력하고 계신 것 같습니다. ""공부를 해야 한다’’는 마음이 어디에서 왔고, 무엇을 걱정하고 무엇을 대비하려는 것인지 이해할 수 있다면 이를 조절하는 데 도움이 될 것입니다. 또한 목표에 부합하는 공부의 충분한 수준과 윤이 님이 유지할만한 정도를 분명하게 해주는 것도 도움이 됩니다._x000D_
적절한 휴식은 인간에게 매우 중요합니다. 이렇게 한 번 비유해보죠._x000D_
""‘스펀지(본인)’는 각자의 ‘특성과 크기만큼의 물(에너지)’을 머금을 수 있습니다. 우리는 '샘(휴식)'에서 물을 받아 매일 ‘그릇(할 일)’을 채워갑니다. 중요하고 급한 것들은 그만큼 더 열심히 채우려 할 것입니다._x000D_
그런데 단순히 그릇 위에서 스펀지를 쥐어짜는 행동을 하면 계속 물이 나올까요? 마음이 급해 충전 없이 쥐어짜다 보면 스펀지에 상처가 나 너덜너덜해질 것입니다._x000D_
이 상태에서 아무리 휴식을 취해도 ‘쉰 것 같지 않은' 느낌을 받게 됩니다. 안정적으로 그릇을 채우기 위해 적절한 시기에 스펀지를 적시고, 충전하는 과정이 꼭 필요합니다.""_x000D_
에너지를 채워줄 다양한 샘들이 있습니다. 수면, 식사, 휴식, 놀이, 취미 등등. 어떤 샘들은 수면이나 식사처럼 채워지는 양은 적어도 자주 사용할 수 있지만, 여행과 같이 크고 깊지만 자주 쓰지 못하는 샘도 있습니다._x000D_
자신에게 맞고 필요한 샘을 찾아 다양한 휴식 방법을 마련해 두시길 권해드립니다._x000D_
만약 윤이 님의 삶에서 현재 ‘쉼’을 허용하고 있지 않다면, 무엇이 영향을 주고 있는지 살펴보세요. 어떤 일이 완수되었을 때만 ""끝났다. 이제 쉬어도 되겠다”가 아닙니다. 어떤 일들은 끝이 멀고 모호해서 ""끝나고 쉰다”는 룰을 적용하기 어렵기도 합니다. 그렇기에 오랜 기간 다양한 일을 하며 살아가야 하는 우리는 삶의 여러 지점에서 스스로 쉬어가도록 ‘‘내적인 허용""을 할 수 있어야 합니다._x000D_
""공부를 해야 하고 좋은 직업을 가져야 한다는 것은 어릴 적 부모님이 힘든 직장생활을 통해 나를 키워주신 것을 지켜보며 생겼던 미안함과 공부를 열심히 하고 돈 많이 벌어 부모님이 더는 일 안 하시도록 만들기 위함이었다. 그래서 휴식을 취해도 다는 걸 알게 되었다. 그래서 휴식을 취해도, 친구들을 만나도 마음이 불편했던 것이었다는 것을 알게 되었다._x000D_
물론 열심히 사는 것은 목표지향적이고 너무 좋지만.. 가끔은 서럽기도 하고 쉬고 싶기도 하다. 이런 나에게 쉬어도 된다는 “내적 허용'’을 해줘 봐야겠다. 잠깐씩 쉬어도 된다. 나를 위해서."""
39,"나만의 규칙을 세우는 것이 꼼꼼하고 완벽을 추구하는 좋은 모습이라 생각했는데, 스스로 힘들게 하고 있더라구요. 도움 될 책 추천해주세요.","자신에게 여유를 허락하기로 하신 윤이 님의 선택, 너무 반갑습니다!_x000D_
꼼꼼하고 끝까지 해내는 신뢰 되는 윤이 님의 모습은 다른 분들께 귀감이 되었을 것 같습니다. 다만 그런 특성이 필요하지 않은 상황에서도 스스로 완벽을 요구하게 될 때 다소 괴로워지지 않았을까 생각합니다._x000D_
보통 불안한 마음이 자주 들 땐 생각을 많이 해서 불안을 다스리려 합니다. 그래서 생각에서 벗어나 감성이 촉촉해질 수 있는 책들도 함께 추천해 드리고 싶은데요~_x000D_
◇도서/웹툰_x000D_
-30년 만의 휴식(이무석/비전과리더십)_x000D_
-그러라 그래(양희은/김영사)_x000D_
-내 영혼이 따뜻했던 날들(포리스트 카터/아름드리미디어)_x000D_
-아몬드(손원평/창비)_x000D_
-리버보이(팀 보울러/놀)_x000D_
-여중생A(허5파6/비아북)_x000D_
◇영화_x000D_
-인사이드 아웃_x000D_
-몬스터 콜_x000D_
-와일드_x000D_
-가버나옴"
40,"특정 사건을 계기로 인생이 너무 허무해졌어요. 예전에는 먼 미래를 보고 살았는데, 지금은 미래가 없을 수도 있다는 생각이 머릿속에 가득해요.","안녕하세요, 윤이 님. 윤이 님께 영향을 미친 일이 어떤 내용이며, 그 당시 어떤 것을 느끼셨는지, 그 후 자신을 어떻게 돌보며 지내오셨는지 정보가 없어 어떤 말씀을 드릴 수 있을까 조심스럽습니다. 다만 이전의 윤이 님은 먼 미래를 보며 삶의 목표와 희망을 품을 수 있었다는 것이라 현재는 그런 미래를 조망하기 어려운 상태라는 이해를 전제로 말씀드려볼까 합니다.
잘 달려가던 사람이 앞을 보지 못하게 되어 발걸음이 더뎌졌다면 ‘언젠가 멈추지는 않을까? 느려진 만큼 더 빨리 달려야 하는데…’란 걱정이 들고 초조함이 밀려오기 마련이지요. 혹은 잠깐 스텝이 꼬여 멈칫하게 된 이후, 모든 것이 망쳐졌다고 생각하여 그 자리에 멍하니 서 있게 되었을 수도 있습니다.
그럴 때 우리는 어떻게 해야 할까요? 먼저 자신의 상황을 인지해야 합니다. 특정 사건은 윤이 님께 깊은 상저를 남겼고, 그 상처는 미래를 꿈꾸는 것을 주저하게 하며 인생은 희망이 없고 허무할 뿐이라고 느끼도록 하고 있다는 것을요.
두 번째, 사건 이후 힘드셨을 텐데도 지금까지 윤이 님을 버티게 한 자원이 있습니다. 윤이 님을 지지해주는 사람들, 바쁜 일정으로 하루하루 시간이 빠르게 지나간다는 것, 성격적 특성, 어렵더라도 꾸준히 유지하고 있는 일상 등등 윤이 님이 지니고 있는 내/외적 자원들을 살펴보시고 활용하시기 바랍니다.
세 번째, 윤이 님께 도움이 될 사고의 변화가 필요합니다. 허무하다는 생각의 근거와 반박 근거를 찾아 비교해보는 것입니다. 사고와 근거를 면밀히 살핀 후 어떤 사고를 선택할지 결정하세요. 무의식적으로 흘러가는 자기비하적 사고에 윤이 님을 내어주지 마세요. 아픈 기억이 뇌 속 편도체에 저장되어 윤이 님을 힘들게 하고 있지만, 현실에서 안전하다는 증거들을 찾고 사고를 변화시키면 새로운 기억으로 ‘‘덮어쓰기”가 가능해집니다.
예전 사랑했던 사람과 함께 했던 장소들이 아픔이 되기도 하지만, 그곳에서의 새롭고 즐거운 기억이 생기고 더 추가된다면 예전의 기억 위에 덮어지게 됩니다. 그러면 더는 그곳에서 느끼는 아련함은 아픔이 아니라 ""추억’’이 되는 것이지요.
상처가 생기기 전과 똑같이 달리기하는 것은 당장 어려울지도 모릅니다. 그렇지만 조금씩 내딛다 보면 어느새 다시 달리고 있는 윤이 님을 발견하실 것입니다. 당신에게는 그럴 힘이 있으며, 지금까지 끌고 온 자원들이 있습니다.
*추천 도서[빨간 모자와 늑대의 트라우마 케어(시라카와 니시 미야코)]
*추천 도서[멘붕 탈출법:십 대를 위한 9가지 트라우마 회복스킬(이주현)]
*추천 도서[영화로 만나는 트라우마 심리학(김준기)]
*추천 영화<마담 프루스트의 비밀정원>"""
41,"저의 실수로 남이 다친 경험이 있어요. 그 이후 관련된 물품을 보면 피하고 싶고, 지켜주지 못했다는 자책감도 들어요. 시간이 지나며 덜 해지긴 했지만, 안전에 대한 강박도 생긴 것 같아요. ","의도하지 않았지만 윤이님의 실수로 다른 사람이 다치게 되어 많이 놀라셨을 것 같습니다. 아마 그 일이 윤이님에게 심적으로 크게 다가와서 관련 물품을 보는 걸 피하고 싶고, 자책감이 드시는 것 같습니다. 
그래도 세월이 지나며 자책이나 회피하고 싶은 마음이 덜해지고 있다니 참 다행입니다. 아마 힘들어졌던 마음이 조금씩 회복되고 있는 중이 아닐까 생각이 듭니다. 이렇게 고민을 하고 글을 작성해서 보내는 것도 상대에 대한 미안함과 회복하려는 노력의 일환이겠지요? 이런 마음이시라면 상대방에게도 충분히 미안한 마음과 조심하고 있는 윤이님의 모습이 보이지 않을까 싶습니다.
그때 당시 깜짝 놀랐던 마음과 미안함이 안전에 대한 불안감을 자극시켜 윤이 님의 레이더가 자주 켜지는 상태일 것입니다. 다른 선생님들께서 다양한 방법을 추천해 주시겠지만 지금 윤이님께는 노출기법을 설명해드리고 싶습니다. 특히 관련된 물품과 관련되어 작동하는 레이더의 빈도와 횟수를 줄이는 것이라 생각하시면 될 것 같네요. 
관련된 물품이나 비슷한 자극을 주는 물건을 조금씩 사용해보세요. 두근두근 하지만 아무 일 없이 지나가고, 더 이상 타인을 다치게 하지 않을 수 있다는 새로운 경험들이 쌓이다 보면 어느덧 ‘썩 괜찮은' 상태를 지나 ‘불안함이 지나간 과거 가 되는’ 날이 올것입니다. 그리고 ‘다 괜찮은' 날이 와도 좋습니다."
42,"열심히 준비하던 시험에서 결과가 좋지 않았어요. 이후 “열심히 해도 잘 안 될 수도 있어. 괜히 기대하지 말자“라는 생각이 자꾸 들고, 실패하면 안 되니까 아예 목표도 잘 안 세우려 합니다. 어떻게 해야 하죠?","인류에게 경험을 해석하고 삶의 태도에 반영하는 것은 적응을 위해 필수적인 요소입니다. 그 시험이 중요했고 많은 노력을 기울였던 만큼 기대와 다른 결과로 인해 세상을 보는 태도가 달라질 수 있다는 것이지요. 
""열심히 해도 혹시 잘 안될 수도 있을 것 같다.”, “괜히 잘 될 거라고 기대하지 말자.'’와 같은 표현이나 ""특정 목표를 가지지 않으려는 모습'’에서 스스로를 지키고자 노력하시는 마음이 느껴집니다. 기대가 큰 만큼 대비되는 실망감, 좌절감 등에 상처받지 않도록 스스로 수용 가능한 범위로 조정해주려는 시도인 것이지요. 다만 방어적인 태도가 과해지면서 위축되고 불안해지는 방향으로 기울어져 버렸습니다. 
이러한 마음을 이겨내고 나아지기 위해 아래와 같은 영역들에 대한 이해와 대처 방법들을 권해 드립니다. 
1.어떤 일에 대한 결과는 다양한 요소들의 영향을 받습니다. 자신의 결정이나 노력 외에도 그 일이 갖는 속성, 대상, 환경이 주는 영향이 따라 결과가 달라질 수 있죠.
명심할 것은 대비할 수 있는 부분은 예상하여 대처하더라도, 예상하거나 통제할 수 없는 부분에 대해서는 이해와 수용이 필요합니다. 경험을 통해 충분한 이해와 적정선에서의 노력파 기대를 갖도록 조정해 가는 것은 건강하고 유연한 성숙된 태도라고 불리기도 합니다.
2. 기대와 목표 범위, 성공파 실패 기준에 단계 설정이 필요합니다. 윤이님의 기대에 대해 핵심적/부가적/파도한 기대의 영역을 구분해보세요. 목표가 현실적인지, 투입 가능한 자원이 있는지 목표달성의 가능성을 얼마인지를 여러 측면에서 펑가해보는 것입니다.
높은 목표를 갖는 것이 나쁜 것만은 아니나 적절한 기대와 평가도구를 갖는 것은 노력의 결과물을 수용하고 다음을 살아가기 위한 원동력을 쌓는데 도움이 됩니다. 현재는 목표를 갖지 않는 것으로 스스로를 보호하고 있으나 단계를 설정하여 안정감을 회복해간다면 목표가 다시 원동력이 되는 윤이님을 만나실 수 있을 거에요.
3. 대안이 필요합니다. 목표 달성 방법에도 대안이 필요하고, 목표가 실현되지 않을 때에 대한 대안도 필요합니다. 뚜렷한 목표를 선택하고 집중하는 것도 도움이 되지만, 상황이 복잡하고 요인이 다양해 통제가 어려울 때일수록 선택과 집중에 더불어 대안이 필요할 것입니다.
4.윤이님의 활동에 부분 점수를 주세요. 2번에서의 단계설정과 더불어 목표나 과정, 상황, 결과에 대한 부분 점수 주기를 통해 윤이님의 노력파 성취를 안정적으로 평가해줄 수 있습니다. 목표 자제가 높거나 과정에서 들이는 노력, 난이도, 방식 등에 따라서도 평가는 달라질 것입니다. 나아가 목표 달성이 어려운 환경에서 노력을 기울였다면 결과를 떠나 노력 자체에 대한 점수를 줄 수 있겠죠 결과 또한 완벽한 것에서부터 훌륭한, 충분한, 조금 아쉬운, 부족한 등등 여러 수준에서 평가를 내려줄 수 있을 것입니다. 이를 통해 성공과 실패, 두 가지 잣대 외에도 윤이님을 이끄는 힘이 되어줄 자원을 확보할 수 있을 것입니다. 자존감은 증거를 기반으로 형성됩니다. 부분 점수를 주고 하고 있고, 한 것들에 초점을 맞춰보세요. 
5.기대를 갖고 노력하는 스스로를 지지해주세요. ""작은 성과를 하나씩 얻다 보면 조금씩 좋아지겠지 하고 나아가는 중'’이라는 윤이님의 말 속에서 희망과 기대를 가지고 노력하고 있는 모습이 보입니다. 그 자체로도 자신을 사랑하고 있으며, 충분히 의미가 있음을 알아주시면 좋겠습니다. 
지금도 할 수 있는 것들을 해나가며 자신을 돕고 있는 윤이님이 자신을 이해하고 지지하며 앞으로의 삶을 안정적이고 행복하게 꾸려나가실 수 있길 바랍니다. "
43,"성범죄 피해로 인한 트라우마를 어떻게 처리해야 하나요? 악몽도 꾸고 그때 느꼈던 감정에 빨려 들어가는 기분도 들어요. 가끔 위협받는 공포감도 느껴지고요. 그래도 시간이 흘렀기에 잘 지내는 날들도 있지만.. 앞으로 가볍게 웃어넘길 수 있는 날이 오길 기다릴지, 끄집어내서 제대로 치료받아야 하는지 궁금합니다. ","먼저 상담과 치료가 필요한지에 대해서는 애매한 답을 드려야 할 것 같습니다. 힘든 일을 겪고 나서 마치 아무 일도 일어나지 않은 것처럼 되돌아갈 수는 없을 것입니다. 집에 도둑이 들었을 때 경제적인 손해도 보고, 혹시 더 나쁜 일이 생기면 어쩌나 불안할 수도 있습니다. 보안업체도 알아보고 여러 방법으로 마음을 진정시키려 노력할 것입니다. 조금 진정이 되면 ‘강도를 마주치진 않았으니 그나마 다행’이라며 ""과거의 일’’을 떠올려도 불안하지 않고 일상으로 돌아올 수 있습니다. 만약 사건 이후 나름의 해결책을 적용해보는 중이고 일상이 무너지지 않았다면 꼭 전문가를 만나야 하는 것은 아닐 것입니다._x000D_
그럼 위 예시의 피해자가 우연히 뉴스에서 도둑이 집주인을 보고 놀라서 도망치다 물건이 넘어져 집주인이 크게 다졌다는 기사를 접했다고 가정해봅시다. ‘나도 도둑이랑 마주쳤으면 저럴 수 있었겠네’라는 생각이 머리를 잠시 스치는 것은 문제가 아닙니다. 그런데 안심하고 사용하던 잠금장치나 보안업체가 허술하게 느껴져 불안하고 잠도 못 잘 정도라면 피해자의 뇌가 아직 안정을 찾지 못한 것 일 테니 치료가 필요할 것입니다._x000D_
옆집 사람이 “그러게 열쇠를 좀 튼튼한 거로 바꾸지 그랬어.”라 하더라도 잘못한 사람은 도둑이고 나를 안타까워한다는 것을 쉽게 이해할 수 있습니다. 성범죄에는 신체적 피해 외에 복잡한 요소들이 있기에 더 간단하지 않을 수 있습니다. 피해를 본 것으로도 힘든데 다른 사람들의 시선까지 신경 쓰는 것은 쉬운 일이 아닙니다. ‘별일이 아닌 것’은 아닙니다. 무섭고 힘든 상황을 겪었기에 공포감이 드는 걱정도 떠오를 것입니다. 가해자가 법의 심판을 받게 할 것인지, 사과를 받고 용서할 것인지, 내 마음의 공소시효가 끝났으니 과거의 지나간 일로 덮어둘 것인지 자신의 마음을 잘 정리할 필요가 있습니다._x000D_
이런 과정을 통해 현재를 잘 살아가고 있다면 서서히 ‘과거에 지나간 일’이 되어 가겠지요. 이 과정을 혼자, 혹은 가까운 사람과 해내기 힘들다면 도움을 받는 것도 좋을 것 같습니다."
44,"어릴 적 아빠가 기분이 안 좋으면 가족들을 때리시곤 하셨는데, 문득문득 그때 기억이 나면 숨이 막히고 화가 나고 눈물이 납니다. 자상한 남자친구가 있긴 한데 혹시나 변하지는 않을까 똑같진 않을까 걱정돼요.","폭력 학대, 무시, 방임…. 모두 무섭고 두려운 말들입니다. 어릴 적 아버지가 행하셨던 일들은 시간이 지난다고 정당화되거나 괜찮았던 기억으로 포장되지는 않을 것입니다. 윤이 님의 마음에 깊은 상처로 남아 성인이 된 지금까지도 아프게 합니다._x000D_
가깝고 친밀한 관계에서 일어나는 아픔은 우리를 더욱 힘들게 합니다. 마음껏 원망하거나 미워하기에는 ‘그래도 아빠인테 .. ', ‘그래도 가족인데 미워하면 안 되는 거잖아…. ’라는 생각이 들기 때문입니다. 이것을 양가감정이라고 하는데, 우리는 이 혼란스러운 감정 모두 자신의 것임을 받아들여야 합니다._x000D_
‘‘여름방학에 가족들이랑 놀러 갔을 때 되게 좋았는데, 아빠가 고기도 구워주고 물놀이도 같이 하고 장난도 지고… 그때는 참 좋았었지. 가끔 그렇게 우리를 힘들게 하지만 않았어도 덜 미웠을 텐데, 그럴 때는 진짜 무섭고 차라리 없었으면 싶었어. 지금은 또 아빠 보면 힘도 빠지고 나이도 들어서 조금 짠하기도 해.”_x000D_
그다음, 해결되지 못한 과거의 상처가 현재 나에게 어떤 일을 벌이고 있는지 마주 봅시다. 어떨 때 마음이 유독 괴로웠는지, 남자친구의 모습 속에서 내가 바라본 것은 무엇이었는지, 예전 그때 나는 무엇을 느꼈고 어떤 생각을 했었을까? 지금도 나에게 두려운 일들과의 연관은 얼마나 될까? 등을 생각해보는 것입니다._x000D_
답답하지만 어쩔 수 없이 흘러가는 것들이 있습니다. 그때의 어린 윤이 님이 할 수 없었던 행동과 반응이 있기 마련입니다. 윤이 님의 잘못도 아니며, 자신을 탓할 일도 절대 아닙니다. 현재에 할 수 있는 것을 찾아 앞으로의 윤이 님을 위해 내딛어봐요."
45,"안 좋은 성적을 받게 되는 것을 극도로 두려워합니다. 남들은 다 해내는데 나만 못하는 것 같고, 앞으로는 더 못할 일만 남았다는 생각에 차라리 죽는 게 나은가 싶기도 하지만 이도 저도 못 하는 상황입니다.","죽고 싶을 정도로 두렵다니 정말 힘들 것 같습니다. 계속 나만 뒤처지고 결국 생존하기도 어려울 것 같다는 생각이 드나 봅니다. ‘성적’이라는 학교 체계에서의 결과물과 ‘타인과의 비교’가 윤이 님을 힘들게 하는 부분인 것 같습니다. 죽음이라는 힘든 생각을 하는 순간에도 ‘나’ 위주가 아니라 ‘타인의 평가’를 신경 쓰고 계시니까요.
무언가를 배우는 과정에서 점수나 등수를 얻는 것은 ‘적당히' 중요한 일입니다. 인생의 최종 목표는 아니지요. 영어가 중요한 업무에는 토익 성적으로 면접 대상자를 선발하겠지만 토익 성적이 가장 좋은 사람이 적임자인 것은 아닙니다. 거꾸로 말하면 그렇게 힘들게 얻은 최고 점수도 행복이나 안정을 보장해주지 않습니다. 배움의 과정에서 통계적인 수준을 확인하는 보조 수단일 뿐입니다. 하지만 그 지표를 보면서 점수가 늘면 성취감도 느끼고 동기 유발도 됩니다. 어떤 부분이 약하고 부족한지 찾아내는 것에도 도움이 될 것이고요.
‘타인과의 비교’도 꼭 나쁜 것만은 아닙니다. 우리는 적당히 좌절을 겪으며 내가 모든 것을 잘 해낼 수는 없다는 것을 받아들여야 합니다. 나의 장점에 집중할 수도 있습니다. 반대로 남들보다 조건이 좋지 않더라도 꼭 하고픈 것이라면 약점을 감수하고도 열심히 해볼 수 있습니다. 또래보다 키가 작아 고민이었다는 농구 배구 선수들의 이야기를 들어봤을 것입니다. 모든 면에 뛰어나지 않더라도 내가 괜찮은 사람이라는 느낌이 들 수 있어야 합니다.
심지어 꼭 ‘최상위권’이 되지 않더라도 일상의 즐거움을 느끼며 살 수도 있습니다. 윤이 님이 어느 측면이든 사회에 기여하고 있다면 자부심을 느낄 수 있고 의식주도 해결할 수 있습니다. 설령 장애로 인해 일할 수 없더라도 사회에는 최소한의 안전망이 있습니다.
이런 사실들을 머리로는 알고 있더라도 안전하게 느끼지 못하는 것은 내 머릿속에 ‘성적으로 뒤처지면 쓸모없는 사람이 되는 거야. 아무도 날 존중하지 않을 거.’라는 과장된 두려움이 사라지지 않기 때문일 것입니다. 이것이 어린 시절 부모님이 다른 아이와 비교하며 애정을 거두고 벌을 주셨기 때문인지, 친구들에게 성적으로 놀림을 당한 경험이 있어서인지, 아니면 내가 공부를 더 잘 해내고 싶은 마음에 공포심을 이용하는 방식을 반복하다 보니 강화된 것인지 보내신 글만으로는 알 수 없어 아쉽습니다만 한 번 찾아보시길 추천해 드립니다.
중요한 것은 내가 무엇을 이루고 싶고 어떨 때 즐거움을 느끼는지 아는 것이고 좌절될 때 감정을 나눌 사람도 필요합니다. 타인의 평가가 괜찮을 때는 덜 고통스럽지만, 신경은 쓰이고 나빠지면 죽고 싶을 정도로 고통스러운 것은 아닐까요? 더 큰 고통을 피하려 발버둥 지지만 그렇게 살아가는 현재도 고통스러운 상황이 아닐지 걱정이 됩니다.
이것이 우울증 같은 정신건강 문제로 생각이 왜곡되어 생긴 오류인지 반복된 경험에서 생긴 것인지 등을 알아보시는 것이 도움이 될 것입니다. 나만의 목표와 성취감, 재미를 통한 즐거움 함께 이야기 나눌 가까운 사람이 없다면 전문적 도움을 받아보는 것도 좋겠습니다."""
46,업무 스타일이 맞지 않고 책임감도 없어보이는 사람들 때문에 함께 일하는 것이 고통스러워요. 그 사람의 요령이라고 생각도 하지만 여전히 스트레스를 받습니다. 덜 미워하고 덜 양심에 가책을 받고 싶어요.,"살다 보면 사람이 참 다양하지요? 심지어 나와 다른 사람들과 함께 일할 확률은 마음이 맞는 사람들과 함께할 확률보다 훨씬 더 높을 것입니다. 아마 이런 점을 아시기 때문에 상대방의 요령이라고 생각해보시기도 한 거겠죠. 특히 책임감이 강하고 세밀하게 검토해 시일에 맞춰서 일 처리를 하고자 하시는 윤이 님께 그렇지 않아 보이는 사람들과 함께 일해야 하는 것은 결코 작은 일이 아닐 듯합니다._x000D_
자신의 신념과 상반되는 지시를 받게 되면 마음속에서는 긴장과 불편감이 올라오게 됩니다. 지시대로 할 것인지 신념대로 할 것인지를 고민하게 되기 때문이지요. 근데 무엇을 선택하던 마음은 불편할 수밖에 없습니다. 지시대로 한다면 윤이 님의 마음이 불편할 테고, 신념대로 한다면 다른 의미로 눈치를 보게 될 수 있기 때문입니다._x000D_
이런 갈등이 생길 때 우리가 대처할 수 있는 방법은 3가지가 있습니다. 환경에 순응해 상사의 방식대로 하거나, 지시와 신념 사이에서 그때그때 상황에 맞게 조절하거나, 자신의 신념대로 처리해서 지시를 무시하는 방법이지요. 일의 방식을 결정하는 권한과 책임이 누구에게 있는가를 살펴본다면 조금은 도움이 되지 않을까 싶습니다._x000D_
마지막으로 이런 혼란을 일으키는 상대방에 대한 감정이 남아있습니다. 이해되지 않는 사람에 대한 미움과 함께 미안함도 가지시는 것 같아요. 이를 양가감정이라고 하는데요. 살다 보면 누군가 미울 수도 있고 싫을 수도 있어요. 자연스러운 감정입니다._x000D_
다만 두 감정을 분리해야 합니다._x000D_
“일 처리하는 방식은 개떡 같은데, 사람이 악하지는 않아서 욕하기도 애매해 짜증 나.”"
47,몇 년째 병원에서 불안(공황)장애 치료를 받고 있습니다. 스스로 노력할 수 있는 방법도 알고 싶어요.,"먼저 장기간 꾸준히 치료를 유지하고 계시는 윤이 님께 응원의 마음을 전합니다. 공황장애를 경험하신 분 중 약물치료로 증상 조절은 어느 정도 되지만 완치되지 않는 상태로 꽤 오랜 기간 생활하시는 경우들을 종종 봅니다. 각자 경험하는 증상에 따라 차이는 있겠지만 불안 및 공황장애에는 신체 증상 긴장감을 줄여주는 이완법과 부정적 사고 불안감을 조절하는 인지행동치료가 많은 도움이 됩니다.
우선 윤이 님의 불안이 올라갔다 내려갈 때 달라지는 신체감각을 잘 관찰하시고 일상생활 속에서 호흡법, 근육 이완법, 명상을 실천해서 수시로 긴장을 풀고 스트레스가 누적되지 않도록 관리해주세요, 불안하면 몸이 경직되듯, 몸이 이완되면 불안도 낮아집니다.
""헬스케어센터는 호흡법 이완법을 쉽게 익힐 수 있는 유도 명상 앱 ‘‘마보"" 이용권을 제공해드리고 있습니다. 무료체험으로 이용해보시고 계속된 이용을 원하시면 헬스케어센터로 문의주세요.""
두 번째 부정적 생각이나 걱정을 하고 있지는 않은지 스스로 점검하고 건강한 방식으로 바꾸어보는 방법입니다. ‘다시 공황이 생기면 진짜 큰일이 날지도 몰라.’라는 생각은 윤이 님의 생활반경을 더 좁게 만들고 방어적으로 만들어 문제해결에서 멀어집니다. ‘공황이 오더라도 미리 익혀둔 호흡법을 활용하면 금방 안정을 찾을 수 있어 너무 걱정하지 말자.’라는 마음으로 윤이 님의 일상을 지키면서 자신감을 찾는 것이 중요합니다.
세 번째 공황을 경험하는 분 중에는 의식하지 못하지만 늘 걱정이나 불안이 많아 긴장된 상태로 살아가는 경우가 많습니다. 흔히 물이 든 컵에 비유합니다. 빈 컵에 물을 조금 붓는 것은 아무런 문제가 되지 않지만 찰랑거릴 정도로 물이 차 있는 컵에는 몇 방울의 물만 더 해도 넘치게 됩니다. 컵에 차 있는 물은 윤이 님의 일상생활에 늘 존재하는 기본적 스트레스이고 물 몇 방울은 아주 사소한 스트레스 사건들이 될 수 있습니다. 그리고 물이 넘지는 그 순간이 바로 심리적 스트레스가 신체로 표현되는 공황 증상입니다.
다른 정신과 질환보다 공황장애는 갑작스러운 신체 증상을 경험하기 때문에 치료 기관을 방문할 가능성이 높습니다. 그래서 공황장애 이면에 있는 불안이나 복합적인 스트레스 성격 문제 다른 심리적 어려움을 발견해 적절한 치료를 시작하게 되는 기회가 될 때도 있습니다.
윤이 님도 증상이 어느 정도 안정되었다면 내 불안과 공황은 어디에서부터 왔는지 잘 살펴보시고 아래의 도서들을 참고하여 자가치료를 시도해보거나, 전문가와 상담을 받아보시면 좋겠습니다.
*추천 도서[호랑이 그림자를 한 고양이(김진관)]
*추천 도서[6주 만에 끝내는 공황장애 치료법(김영화)]
*추천 도서[공황장애 1~3 시리즈(제이콥 정)]"""
48,"20대가 되며 살도 빼고 꾸미면서 생긴 식이장애가 병원 진료도 받고 가족들과 집에 있으면서 많이 괜찮아 졌는데, 스트레스받으면 드물게 식이장애 행동을 할 때가 있어요. 그래도 다시 살도 찌웠고 약물치료도 상담도 다 했어요. 어떻게 하면 완전히 벗어날 수 있을까요?","‘완전히 벗어난다’는 것은 무엇일까요? 알코올 중독으로 치료를 받았던 사람이 두 달에 한 번 있는 친구들 모임에 신이 나서 다음날 숙취가 있을 정도로 술을 마시고 후회를 한다면 다시 중독된 것일까요?_x000D_
만약 그날 이후로 다시 술 생각을 참기 힘들어 혼자서도 과음하고 일상생활에 문제가 생기기 시작한다면 다시 중독치료를 받는 것이 필요할 것입니다. 그런데 재발도 걱정되고 괜히 술자리에 나갔다는 후회도 하고 건강도 다시 쟁기다가 다른 즐거운 술자리에서 ‘지난번에 힘들었으니까 반병만 마시자’라고 생각해 스스로 정한 기준을 지킬 수 있었다면 큰 문제가 아닙니다. 다음날 예상과 달리 컨디션이 좋지 않아 속이 상하더라도 자신이 결정한 대로 행동하는 것이 불가능한 것은 아니었으니까요. 다음 술자리에서는 더 잘 조절할 수 있을 것입니다. 중요한 것은 ‘내 감정과 신체를 잘 다루고 있는가?’ 입니다. 윤이 님은 일상의 기분을 잘 유지하고 있나요? 어려움이 생겼을 때는 어떻게 해결하고 계시는가요? 자신의 신체를 바라보는 방식은 적절한가요?_x000D_
‘구토로 불편해지고 싶지 않다’는 수준에서 나아가 ‘내가 인생에서 무엇을 원하는지’를 잘 알아야 합니다. 윤이 님이 어떨 때 자신감을 느끼는지 가깝고 중요한 사람과의 관계에서 어떤 느낌으로 불편해지는지 알아갈 수 있으면 좋겠습니다. ‘가끔의 스트레스’가 어떤 것이 원인인지 이것을 해결하는 다른 방법들은 없을지 알아보시기 바랍니다."
49,비판과 충고를 잘 받아들이지 못하는 성격의 경우 가스라이팅과 조언을 어떻게 구분할 수 있나요?,"예전 알 쓸 심 집에서 한번 다루었던 주제네요. 궁금증이 다 해결되지 않으신 것 같아 다시 정리해보고자 합니다.
가스라이팅이라는 용어는 영화 ""Gas Light’'에서 유래되었는데 간단한 내용은 이렇습니다. 남편은 부인의 재산을 가로채기 위해 일부러 집안의 가스등을 어둡게 만들고 ‘어둡지 않냐' 묻는 부인을 예민한 사람으로 만들어 질타합니다. 반복되는 상황 속에서 부인은 점점 자신의 판단을 의심하게 되고 남편을 의존하게 됩니다.
""가스라이팅
타인의 심리 상황 등을 교묘하게 조작해 현실감과 판단력을 잃게 하고 자신을 의심하게 만들어 가해자의 지배력을 강화하고 피해자를 통제해 심리적 실리적 이득을 얻으려 하는 행위""
비판·중고·조언은 다른 의미라 구별해야 하지만 무엇이든 듣게 되면 기분이 썩 좋진 않습니다. 왜냐하면 우리는 스스로가 세운 기준과 기대치를 충족시키기 위해 살아가고 있는데 이런 메시지는 우리의 자아와 정체성을 위협하는 것처럼 인식되기 때문입니다. 따라서 본능적인 방어 자세를 취하게 되는데요. 첫 번째, 흘려듣거나 적당히 무시하는 방법을 씁니다. 두 번째, 본인의 잘못은 생각하지 않고 남 탓을 합니다. ‘‘뭐 이런 것까지 다 신경을 써? 자기 일이나 잘하지!” 혹은 ‘‘아니 꼼꼼하게 일할 시간을 줘야 제대로 해오지!”라고 하면서요.
어쩌면 비판과 중고 조언을 잘 받아들이지 못하는 스스로 ‘‘멘탈이 약해’’라고 할 수도 있겠습니다. 세 번째 방법은 자신의 감정이나 의견이 충분히 받아들여지는 경험 많든 작든 상관없이 느끼는 성공감과 성취감 여부 등이 쌓여 만들어지는 자존감과 영향이 있습니다. 건강한 자존감을 가지고 있는 이들은 가혹한 비판에 무너지더라도 자존감을 자양분 삼아 다시 일어나 비판의 내용 중 받아들일 것과 흘려버릴 것을 챙겨갈 수 있게 됩니다. 쉬운 일은 아니지만, 부단히 연습하여 사용하길 추천해 드립니다.
마지막으로 가스라이팅과 조언을 구별하는 방법에 대한 질문은 답변하기 꽤 어려운 문제입니다. 갈등은 주로 사람과 사람 간의 관계가 형성되었기 때문에 발생하는데 관계가 있다면 어떤 것이든 영향을 주고받을 수밖에 없습니다. 연애할 때도 서로의 세계를 맞춰가는 과정이 있고 동료나 상사와의 관계에서도 서로의 업무적 기대를 채워 나가는 과정이 있습니다. 그 속에서 ”이래라저래라’’의 지시와 조언 비판이 생기고 ”이랬으면 저랬으면’’ 같은 충족되지 않은 바람이 생기게 됩니다.
여기서 잘 생각해봅시다. 만약 제가 연인이나 상사의 행동 중 바꾸고 싶은 것이 있어 여러 차례 상대방의 잘못을 얘기하여 사과를 받고 그 행동을 못 하도록 하였다면 이것은 ”가스라이팅’'일까요, 아니면 ""조언'일까요? 결과적으로 상대방을 통제하였음에도 선뜻 대답하기 어려운 이유는 무엇일까요?
[나도 내가 왜 이러는지 모르겠어]라는 책을 참고해보면 관계 속에서 상대방의 마음과 자신의 마음이 구분되지 않고 경계가 제대로 지어지지 않아, 상대방의 마음을 자신의 것인 양 받아들였기 때문이라고 합니다.
상대방의 의도를 제대로 판단하지 못하고 자신의 마음에 어떠한지 알아보지 못해 메시지 그대로 자신의 탓으로 받아들이고 점점 상대의 통제대로 흘러가게 된다면 이는 조언과 거리가 먼 상태가 되는 것이죠.
만약 윤이 님께서 상대의 말로 인한 아픔과 다양한 감정들을 마주 보고 판단하고 구분할 수 있게 된다면 상대방의 조언을 하든, 가스라이팅을 하든 상관없이 자아와 정체성을 지키고 한 발 성장하게 될 것입니다.
""""함께 생각해봅시다
1. 상대의 말에 지금 이 감정이 왜 드는지?
2. 상대방은 무슨 말을 하고 싶었던 것인지?
상대방의 말을 어떻게 해석해서 어디까지 받아들일 것인지?""""
*추천 도서[나도 내가 왜 이러는지 모르겠어(김총기)]
*참고자료 BBC, Robert Nash & Naomi Winstone. """"Why even the bes feedback can bring out the worst in us"""" https://www.bbc.com/future/article/20170308-why-even-the-best-feedback-can-bring-out-the-worst-in-us"""
50,"5년 동안 키웠던 강아지가 무지개다리를 건넜어요. 못 해준 것만 생각나고, 너무 슬픈데.. 강아지인데 너무? 유난이라고 할까 봐 사람들 앞에서 슬픈 티도 잘 못 내요.? 그렇지만 너무 슬프고 자꾸 생각나고 보고 싶어요.?","우선 슬픔에 잠겨있을 윤이 님께 따뜻한 위로를 전하고 싶습니다. 그리고 강아지가 무지개다리 너머에서 고통 없이 평안하기를 바랍니다. 반려동물을 잃고 깊은 슬픔에 빠지는 것을 흔히 ‘펫로스 증후군’이라고 하지요. 깊은 슬픔과 우울감, 자책감 등으로 일상적인 기쁨을 누리지 못하는 모습을 보일 수 있습니다. 짧으면 1~2개월, 길면 6개월까지 슬픔을 경험할 ?수 있다고 합니다. 다만 6개월 이상 지속되고 일상적인 회복이 되지 않고 있다면 심리치료 등을 고려해보시면 좋겠습니다._x000D_
저는 사람이든 동물이든 나에게 완전한 기쁨을 주던 존재가 떠난 슬픔은 유난이 아니라 ‘그럴 수밖에 없는 슬픔’이라고 봅니다. 소중한 대상을 잃는 것이 얼마나 큰 아픔이고 슬픔인데요. 그리움에 목놓아 울어도 되지 않을까요? ?_x000D_
그런데 자꾸 생각난다는 게 혹시 자책하는 마음인가요? 자신이나 타인을 원망하고 싶은 또는 분노하는 마음 또한 들 수 있습니다. 여러 상반되는 감정들이 올라와도 지금은 다 정상적인 반응입니다. 다만 슬픔과 자책에 너무 매몰되지 않게 해주세요. 반려동물과 함께한 시간 동안 나눈 즐거움에 조금 더 중심을 옮겨주세요. 함께 한 시간의 의미, 강아지 존재가 나에게 준 의미, 행복했던 추억들과 시간을 되짚어 보며 나의 눈물과 슬픔을 이해해 줄 만한 사람들을 찾아 마음을 나누면 어떨까요?_x000D_
또 강아지와 함께한 시간을 기념할 만한 무언가를 해봐도 좋겠습니다. 사진이나 영상을 정리하거나 함께한 의미에 대한 글쓰기를 하는 것, 액자나 키링을 만들어 기념하는 것도 좋은 방법일 듯합니다. ?_x000D_
‘사람이 죽으면 먼저 가 있던 반려동물이 마중 나온다’는 얘기가 있지요. 무지개다리 너머에서 즐겁게 놀고 있다가 다시 만나게 되겠지요. 우리도 그때까지 가끔은 슬프고 그립겠지만, 급하게 잊지 않아도 되니 천천히 떠나보낸 슬픔을 다스려 나가시길 바랍니다."
51,"적극적으로 죽고 싶지는 않은데 살고 싶은 마음도 없어요. ? 더 안 살아도 괜찮을 것 같고, 살 의미도 모르겠어요. ? 그냥 왜 살아야 하는지 잘 모르겠어요. ","""적극적으로 죽음을 갈망하지는 않지만 죽음을 피하려고 노력하고 싶지 않을 정도로 삶의 의미를 모르겠다는 말씀인 것 같습니다. 삶의 의미는 주어지는 것이 아니라 내가 찾아야 알 수 있는 것입니다. ?아기나 어린이는 삶과 죽음의 의미를 잘 이해하지 못합니다. 말을 배우고 상징을 이해하기 시작하면서 조금씩 이해를 넓혀가지요. 유치원생 정도면 죽음을 ‘나이가 들어 사라지는 것’ 정도로 어렴풋이 생각합니다. 10살 정도 되어야 성인과 비슷하게 죽음의 비가역성과 슬픔을 이해하게 됩니다. ?삶의 의미에 대해 생각하는 것은 청소년기에 시작하지만 (나중에 변하더라도) 스스로 만족하는 의미를 찾는 나이는 사람마다 매우 다를 것입니다. 특히나 복잡해진 현대 사회에선 체력만 되면 완성된 어른 대접을 받았던 농경사회보다 더 오랜 시간이 걸릴 것입니다. ?
인간보다 지능이 낮은 동물들은 어떨까요? 쥐를 물속에 넣고 수영을 해도 물 밖으로 나오지 못하게 하면 힘이 남은 상태에서도 수영을 포기하는 경우가 생깁니다. 만약 중간에 꺼내주어 희망이 있다고 여기면 죽기 전까지 더 오래 수영을 한다고 합니다. 즉, 내가 어찌할 수 없고 (helpless), 희망이 없으면(hopeless) 역경을 극복하는 노력을 조기에 포기하기도 합니다. 무리를 짓는 동물은 음식이 부족하고 자신이 늙고 병들어 무리에 도움이 되지 않으면 혼자 떠돌다 죽기도 합니다. 원숭이 정도는 돼야 새끼를 잃은 슬픔과 외부 사건에 의한 스트레스가 심할 때 먹이를 먹지 않고 스스로 죽음을 택하는 것이 가능하다고 합니다. 보통은 새끼를 잃고 슬퍼하지만, 시간이 지나 회복을 하는 편이지만요.
인간과 동물의 경우를 보면 반복적 고통, 먹이의 부족, 외부 사건이 동반된 새끼의 죽음 정도가 아니면 ‘삶의 의미’를 생각하는 것은 청소년기 이후의 인간에게서만 가능한 것 같습니다.
오늘만 편하면 잘 살아가는 동물과 달리 인간은 과거와 미래를 생각하게 되었습니다. 이처럼 고등 지능을 갖게 된 인간은 ‘삶의 의미’라는 것을 생각하게 됩니다. 생명 유지 이상의 것을 고민하게 된 것이죠. 이로 인해 부대원을 살리기 위해 수류탄을 몸으로 덮는 행동이 가능해졌을 것입니다. 단순한 생존 이상의 것을 더 소중하게 여기게 되었으니까요. ? 미래에 무슨 일을 하며, 어떤 사람들과 가치를 느끼며 살아갈 수 있을까? 가능하기는 할까? 먼 미래만 생각하다 보면 정작 ‘삶의 의미’를 찾을 수 있는 현재를 놓치게 되기도 합니다.
크고 작은 일을 시도해보며 내가 추구하는 가치를 찾아야 합니다. 어쩌면 안빈낙도의 삶이 윤이 님께 만족감을 줄 수도 있습니다. 최선을 다해야 후회가 없는 사람도 있습니다. 인생이 흘러가며 가치가 변하기도 합니다.
이 과정을 통해 생존이 아닌 ‘삶의 의미’를 조금씩 찾아갈 수 있게 됩니다. 함께 하는 사람도 중요합니다. 무리를 짓는 동물이 혼자 외롭게 된다거나 반대로 너무 많은 개체가 좁은 공간에 있으면 스트레스를 받습니다. 말로 소통을 하는 인간은 더 크게 느낄 것입니다. ? 이런 과정들을 통해 ‘삶의 의미’가 완전하지 않더라도 ‘계속 탐색해볼 수 있겠구나’라는 생각이 들면 ‘왜 살아야 하는가’에 대한 답이 될 것입니다. 어쩌면 윤이 님께 흥미, 즐거움, 편안함, 따뜻함 등 ‘잃기 싫은 것’이 너무 부족해져서 그런 것은 아닐까요? 현재 부족하더라도 “내 행동으로 인해 변화가 생길 수도 있잖아”라고 생각할수록 도움이 될 것입니다. ?
‘왜 살아야 하는지 모르겠다’는 판단이 “무엇을 시도해도 나아질 가능성이 없다”는 확실한 근거에 의한 것인지 생각해보시면 좋겠습니다. 무언가 시작해볼 수도, 누군가와 즐거운 시간을 가져보려고 시도해볼 수도 있다면, 상담과 약물치료도 ‘시도’의 하나로 생각해볼 ?수 있겠습니다."""
52,갑작스럽게 가족이 죽었습니다. 그런데 별로 슬프지가 ? 않아요. 이렇게 슬프지 않은 제가 정상인가요?,"안녕하세요 윤이 님? 갑작스럽게 가족의 죽음을 맞닥트려 당황스럽기도 하실 것 같습니다. 죽음과 이별 대부분의 감정이 슬픔, 그리움, 아쉬움 등등이지만 종종 전혀 다른 감정을 맞이할 때도 있습니다. 윤이 님에게 어떤 일들이 있었는지, 고인이 된 가족과 어떠한 관계였는지는 알 수 없지만 슬프지 않은 데에는 이유가 있겠지요._x000D_
?당장은 장례를 먼저 치러야 한다는 책임감과 남은 할 일들이 있어 슬픔을 느낄 새가 없었을 수도 있습니다. 가족의 오랜 병환에 지쳐서, 생전 가족들을 너무 힘들게 만들었거나 윤이 님 혹은 가까운 사람들에게 큰 상처를 준 사람이었다면, 아니면 그 외 다른 이유로 가족의 죽음이 다르게 다가올 수도 있습니다. 후련하다고 느끼거나 이제 끝났다는 안도감과 해방감을 느낄 수도 있고, 그다지 슬프지 않아서 눈물이 흐르지 않을 수도 있습니다. ?_x000D_
슬픔의 크기는 사람마다 다르고, 슬픔의 형태도 다르지요. 슬픔의 시기가 다를 수도 있습니다. 지금은 모종의 이유로 슬프지 않을 수도 있지만 오랜 시간이 지난 뒤 문득 그립거나 슬퍼질 수도 있습니다. 그 시기를 누가 알까요? 흘러가는 대로, 윤이 님에게 느껴지는 대로 마주해보시기 바랍니다. 윤이 님께서 타인의 시선이나 자신이 세워 둔 틀로 인해 괴롭지 않으셨으면 좋겠습니다. 그리고 심심한 위로의 마음을 전해드립니다."
53,"죽은 엄마가 원망스러워요. 돌아가시고 나니 원망을? 얘기할 수도 없고, 그렇다고 용서가 되지도 않아요. ? 나한테 왜 그랬을까 생각나고, 어떤 날은 그래도 엄만데? 내가 잘못하고 있나 죄책감도 들고 복잡합니다.","안녕하세요 윤이 님. 짧은 글이나마 담겨있는 복잡하고 막막한 감정들이 느껴집니다. 아마도 어머니와 못다 나눈 이야기들이 남으셨나 봅니다. 어떤 이야기들이 어머니와 윤이 님 사이에 있었는지는 알지 못하지만, 그때 어머니가 나에게 왜 그랬을까 원망스러워 밉고 싫은 마음이 들고, 어쩌면 그땐 미처 표현하지 못했던 마음을 지금이라도 말해보고 따지고 소리도 질러보고 싶으실 것 같습니다. 이런 마음의 한편으론 살아계셨으면 싸우기라도 하고 변명이라도 들을 텐데.. 하는 아쉬움과 답답함이 있으실 것 같습니다. 그러나 현실로 돌아오면 상대할 수 없는 대상이 되었기 때문에 아직 남은 윤이 님의 감정이 갈 길을 잃어 무력함을 느낄 수도 있고, 그런 대상을 아직 미워한다는 죄책감과 불편함이 있으실 것입니다. 이런 복잡한 마음이 얼마나 무거우실까요.._x000D_
나를 낳아주고 생존시켜준 존재이며 나의 엄마라는 사실과 동시에, 나에게 상처를 입히고 사라진 존재라는 사실은 너무나 상반되는 마음을 우리에게 줍니다. 이를 “양가감정”이라고 하는데, 모든 사람이 가지고 있지만 가지길 부담스러워합니다. 왜냐하면 우리는 가족을 미워하면 안 되는 존재라고 생각하는데, 살다 보면 밉기도, 싫기도 하고, 공격성마저 불러일으키는 존재가 되어 “미워하면 안 된다”는 금기를 위협하기 때문이죠. ?_x000D_
모든 존재가 나에게 이로울 수만은 없습니다. 받아들이기 쉽지 않지만 살다 보니 소중한 존재에게서 받는 상처도 경험하게 되고, 심지어 가족, 연인 등 신뢰의 대상이기도 하죠. 어머니가 윤이 님께 충분한 애착을 주지 못했거나 안전한 기지가 되어주지 못했을 수도 있습니다. 양육방식에서의 압력으로 자유가 제한되었거나, 힘의 차이로 주눅 들게 만들었을 수도 있습니다. 어떤 이유든 상처받은 윤이 님의 마음은 지금-현재에 있는 것이죠. ? 복잡한 마음을 가만히 들여다보고 거부하지 말고 ‘느낄 수 있음 직한 마음’이라 인정하며? 바라봐주세요. 용서가 늦어져도 되고, 미움이 길어져도 됩니다. 다만 윤이 님이 보다 나은? 현재를 누리기 위해서는 자신의 감정을 부인하지 않는 것이 중요합니다. 윤이 님의 마음을 글로 정리해보시면 정리하는 데 도움이 될 것입니다. ▼ 아래처럼요 ▼?_x000D_
“엄마한테 받은 상처가 크지. 그렇다고 매번 미웠던 건 아니지만. 가족여행 갔을 때나, 소풍 가는 날 아침 일찍 일어나 싸준 김밥도 맛있었고, 좋았던 기억들도 있지. 그래서 마냥 화를 낼 수도 없었고, 무섭기도 했었고..  그래서 지금 더 답답하고 괴로운 것 같다. 남들처럼 좋기만 한 엄마였으면 좋았을 텐데 이미 돌아가신 분을 계속 미워하기도 마음이 힘들고.. 그래도 당분간은 조금만 더 미워하고 싶어. 내 마음이 아직은.. 아직은 힘들고 아프니까 용서가 쉽지 않아. ”"
54,"3년 연애했던 연인이 다른 사람과 걸쳐서 환승이별을? 당했어요. 결혼하자는 얘기도 해왔고 진지하게 만났었는데, 어떻게 이럴 수 있을까요? 충격적이에요. ?","얼마나 큰 충격이고 마음이 아팠을지, 어려운 고민을 나누어 주셔서 고맙습니다. 말씀하신 것처럼 모든 사람이 만나고 헤어지는 일을 겪지만, 나에게 일어난다면 그 특별함이 더 크게 와닿지요. 특히나 3년이라는 기간 동안 믿음을 쌓은 사람이 갑자기 돌아서는 일을 과연 누가 담담한 마음으로 받아들일 수 있을까요. ?
이별은 어렵고 고통스럽습니다. 감정뿐 아니라 부교감신경계에 영향을 미쳐 실제 통증을 느끼게 한다는 연구도 있지요. 특히 환승이별은 일반적 형태의 이별보다 더 크고 다양한 감정을 경험하게 했을 것입니다. 상실감이나 배신감 외에도 상대의 선택에 의해 자신의 잘못이 아님에도 이별을 받아들여야 하는 상황에서 아직 나의 감정은 상대를 향하고 있음에 혼란스러울 수도 있습니다. 또한 관계 회복에 대한 기대를 하기도 어렵고, 관계 전반에 대한 불신을 갖게 될 수도 있습니다.
어떤 사람들은 감정을 해결하고 상황을 이해하기 위해 이유나 원인을 찾고, 앞으로 같은 일이 일어나 상처받지 않기 위해 무엇을 해야 하는 지에 집착하게 됩니다. 좋았던 추억들을 어떻게 기억해야 할지에 대한 혼란도 여전할 것이고, 혹시나 하는 마음에 SNS를 찾아보며 나와 달리 행복해 보이는 상대에 대해 또다시 상처를 받고, 억울하고 힘든 마음을 달래지 못해 일상이 유지되지 않고 우울감에 빠지는 등 여러 어려움이 발생하기도 합니다.
갑작스러운 큰 고통에 힘든 시간을 보내고 계실 윤이 님이 걱정됩니다. 어느 때이든 윤이 님은 소중한 존재이며, 존중받아 마땅한 사람임을 잊지 마시고, 상대의 행동이 나의 가치를 흔들지 않도록 자신의 마음을 정돈하고 건강하게 돌볼 수 있길 바랍니다.
1. 이별했다는 사실과 이로 인해 힘든 자신을 받아들이고 인정해주세요. ?
이별로 인한 감정을 충분히 해소하고 진정시키는 시간이 필요합니다. 이별 후의 슬픈 감정은 자연스러운 것이지만, 부정적인 생각이 또 다른 부정적 생각을 이끌어 과하게 슬퍼하고 더 많이 괴로워하기 쉽습니다. 상대나 자신을 비난하고, 이별의 순간을 곱씹으며 반복된 생각과 감정의 고리에 빠지지 않도록 감정을 해소하고, 부정적 생각을 반복하지 않도록 도와주세요. 반복된 생각을 속으로 곱씹지 않도록 공책에 생각을 적어두고, 감정을 충분히 표현하고 감정을 해소할 만한 즐겁고, 안정적인 일들을 해보세요.
2. 상황을 객관적으로 돌아보고 그동안의 연애가 어땠는지, 내가 가진 연애관은 어떤지, 관계가 끝난 이유를 생각해보고, 이별을 받아들일 수 있게 도와주세요.
현재 상황에서 윤이 님이 원하는 것이 무엇인지, 그동안의 관계에서 내가 이 연애를 어떻게 여겨왔는지, 이러한 상황이 벌어지기까지의 과정이 어떠했는지 돌아보세요. 연애와 이별에서 상대의 책임과 나의 책임을 나누어보고, 확실히 연애 관계가 끝났다면 이를 인정하는 시간을 가져주세요.
3. 현재의 일상을 살아가며 혼자서도 잘 지낼 수 있는 나의 모습을 찾아주세요. ?
상대의 흔적을 정리하고, 상대의 소식이나 SNS를 찾아보지 않도록 하세요. 오랫동안 공유한 만큼 빈자리가 클 것입니다. 익숙하지 않은 면이 있겠지만 혼자의 일상을 보내고, 하고 싶었던 일을 하며 자신의 감정과 만족을 채워 가보세요.
추운 겨울을 지나며 소중한 당신이 마음의 상처를 회복하고 행복하게 지내시길 바랍니다."""
55,대학원 2년 차 입니다. 교수님께서 이직하신다는 소식을? 갑자기 들어 어쩔 줄 모르겠습니다. 아직 다른 말씀은  ? 없으시고 저는 여기 남아서 졸업할 생각인데.. 앞으로? 어떻게 하면 좋을까요?,"윤이 님의 마음을 정말 많이 공감합니다. 저도 그런 경험이 있었고 그 얘기를 들을 당시 교수님에 대한 서운함이나 앞으로의 미래에 대한 걱정으로 마음이 아주 힘들었던 게 생각나네요._x000D_
?새로운 지도교수님을 찾았나요? 여러 가지를 고려해서 새로운 교수님과 연락하기도 쉽지 않은 문제더라고요. 게다가 새로운 교수님을 만나도 이미 친하게 지내고 있는 사람들 사이에서 새롭게 적응하는 것도 그렇고요. 또 연구 주제도 교수님이 바뀌면서 조금씩 달라지기도 하고요. 내 미래와 관련된 일이다 보니 정말 고민할 일이 많을 거 같아요. 마냥 충격적인 마음만 안고 가만히 있을 수 있는 것도 아니고, 여러 선택을 하느라 마음이 급했을 것도 같아요. 지금 일이 손에 잡히지 않는 건 이런 복잡한 내 마음들이 정리되지 않아서가 아닐까요? ?_x000D_
정리하기까지 시간이 조금 필요할 것입니다. 걱정스러운 미래도 앞으로 적응해야 할 것들도 해야 할 일들도 차분히 정리하고, 그것들이 정리된 후에는 이제 내 마음을 다독여 줄 시간을 가져보세요. 놀라진 않았는지, 교수님에 대한 마음은 어떤지, 지금 내 불안함은 어떻게 느껴지고 있는지 등등 혼자 생각하다 힘들면 친구들이랑 실컷 얘기해서 풀어보세요~! ?_x000D_
필요하다면 교수님 욕도 실컷 하세요~! 그래야 조금 마음이 풀리면서 교수님과 정리해야 할 일들이나 받아야 할 것들을 편한 마음으로 말씀드릴 수 있더라고요.?_x000D_
새로운 교수님과 새로운 시작을 응원합니다!"
56,"건강을 늘 자신했었습니다만 최근 받은 건강검진에서 ? 정밀검사를 해보라는 통보를 받았고, 검사를 해보니까? 면역 관련 질환으로 평생 관리해야 한다고 합니다. ? 큰 병은 아니지만, 일상에서 할 수 있는 것들이 많이 줄어? 들었고 제가 병을 가졌다니 뭔가 기분도 이상해요.","건강검진은 받을 때마다 ‘별일 없을 거야!’라고 생각하지만 ‘혹시나….’ 하는 떨리는 마음은 어쩔 수 없는 것 같습니다. 그러다 어떤 병명이라도 내 앞에 떨어지면 더없이 당황스럽기도 할 테고, 크든 작든 놀랄 수밖에 없겠지요. 윤이 님도 면역 관련 질환이라는 진단을 받으시고 게다가 평생 관리를 해야 한다는 소견도 들으셨으니 얼마나 놀라셨을까요.. ?_x000D_
요즘 윤이 님의 삶의 모습이 어떨지 궁금합니다. Holmes and Rahe의 스트레스 스케일에 따르면 건강상 변화는 직장에서 해고를 당하는 것보다도 충격이 큰 사건에 해당합니다. 자신했던 건강이기에 아무런 제약이 없었던 건강한 시절을 떠나보내야 한다는 슬픔과 허무감을 느끼는 것이 당연합니다. 이런 일이 자신에게 일어난 것에 대한 화나 건강을 더 챙기지 못한 데에 대한 자책도 있겠지요. 그리고 앞으로의 일상에 변화가 생길 수도 있다는 걱정으로 두렵기도 할 것입니다. 이 모든 마음이 드는 것은 당연한 일입니다. 평온한 일상에 장염으로 고통스러워도 하루가 무너지는데, 윤이 님께 일어난 일이 어찌 하루아침에 받아들이고 씩씩하게 마음을 다잡을 수 있겠어요. 당분간은 우리 좀 슬프기도 하고, 화나기도 하는 마음을 그대로 두고 가만히 토닥토닥 두드려주며 가라앉길 기다려보면 어떨까요? ?_x000D_
그리고서 조금 진정이 되면 가까운 사람들에게 이야기하며 충분한 공감도 받아보고, Here and Now에서 현재해야 할 일(병에 대한 이해, 꾸준한 치료 방법, 특별히 관리해야 할 것은 무엇인지 알기) 등에 집중해봅시다. 잘 관리해서 다시 평온한 일상을 누려봅시다. 이전과 조금은 다를 수도 있지만 ‘못하게 된 것’이 아니라 할 수 있는 것이 ‘조금 바뀐 것’이니까요."
57,잘 자고 잘 일어나는 법이 궁금해요. 어렸을 때부터 아침잠이 많았고 지금도 잠 때문에 지각 및 결석을 한 적이 있어요. 어떻게 하면 잘 일어날 수 있을까요? ,"우와.. 반갑습니다. 윤이님! 저도 잠이 많고 특히 아침에 깨기 너무 어려워서 자체 휴강도 종종 하고 지각도 많이 하고.. 매번 늦어서 아침마다 친구들이 저를 기다리게 했었던 기억이 납니다. 잘 일어나는 사람들은 “그건 의지의 문제야!!”라고 할 수도 있지만, 정말 정말 어렵다는 걸 우리는 알지요? 그런데 이렇게 되면 감내해야 하는 아쉬움도 생기고, 안 들어도 됐을 질책도 듣고, 스스로 자책하는 일들이 생기더라고요. 아마 윤이 님도 잘 일어나기 위해 여러 시도를 해보셨을 것 같아요. 추천해 드리는 방법들을 꼭! 실천해보시면 좋겠습니다._x000D_
1. 알람을 멀리 두기 or 일어나서 끌 수 있게 하기_x000D_
잠에서 깨려면 우선 누운 자리에서 일어나게 만들어야 합니다. 휴대폰을 멀리 둬보기도 했지만, 엉덩이가 붙어있는 한 크게 소용이 없더라고요. 그래서 제가 사용했던 앱은 거실에 있는 냉장고 사진을 찍어야 알람이 꺼지도록 설정이 가능했답니다. 다시 눕는 한이 있더라도 우선 일차적으로 잠자리에서 빠져나오는 효과는 두둑했어요._x000D_
2. 일어나서 빛을 쬐기_x000D_
암막 커튼이 드리워진 방은 시간 구분도 안 되어 더 일어나기 힘들답니다. 그러니 아침에 알람을 듣고 일어나게 되면 불을 밝히든 커튼을 열든 빛을 쬐시면 몸이 아침이 왔음을 알아차리게 됩니다._x000D_
3. 가장 중요한 것은 충분한 수면을 취하기_x000D_
매일 늦게 자면서 일찍 일어나는 부지런함을 바랄 수 없습니다. 윤이 님께 맞는 충분한 수면시간을 찾고 이를 지키기 위해 몇 시에 자야 할 지를 설정해보세요."
58,"낮과 밤이 바뀌었는데, 큰 불편함 없이 잘 지내고 있습니다. 혹시 건강상이나 이런저런 문제가 있을까요?","수면이 불규칙한 사람들이 많죠? 학업이나 업무로 인해 불규칙적일 수도 있고, 하루를 지내며 자신만의 시간을 보상받아야 한다는 마음에 밤늦게 이것저것 하다 보면 수면시간이 늦어지기도 하고요. 또 요즘처럼 비대면 수업이 늘면서 꼭 아침에 일어나지 않아도 되는 느슨함에 낮과 밤이 바뀌기도 합니다. 큰 불편함은 없으시다지만 신체 사이클에 맞게 수면을 취하는 것이 얼마나 중요한지에 대해 알아보겠습니다._x000D_
1. 잠을 자는 동안 우리 몸은 회복합니다. 피부미인은 잠도 잘 잔다고 합니다. 왜냐면 밤 10시부터 새벽 2시까지 우리 몸은 피부재생, 산화 방지 및 면역 강화에 도움이 되는 물질을 분비하여 세포나 DNA 손상을 예방하는 자가치유를 하기 때문입니다. 고로 밤낮이 바뀌면 깊이 잘 수 없어서 이런 치유가 제대로 이루어질 수 없게 됩니다._x000D_
2. 밤낮이 어긋나면 생기는 문제는 다음과 같습니다. 밤낮이 바뀐 수면은 우선 일상에 지장을 줍니다. 생산성을 높여야 하는 낮 동안 제대로 효율을 내지 못하게 됩니다. 또한, 불면증으로 연결되고 우울증, 비만, 당뇨병 등의 질환과도 상관이 높다는 것은 많이 알려져 있습니다. 게다가 몸이 회복을 제대로 하지 못하기 때문에 혈중 독성분 농도가 짙어지면서 간성뇌증의 원인이 되기도 한다는 연구도 있습니다. 간성뇌증의 증상으로는 건망증, 혼란, 감정변화 등이 있습니다._x000D_
대자연의 사이클을 잘 지켜 생활하는 것은 꽤 중요한 일입니다. 밤에 잘 자고 아침에 일어나 생활하며 건강한 계절 음식을 먹는 것. 오늘부터 다시 해보시겠습니까?"
59,“어제는 몇 번 깼어?” 아침마다 하는 질문입니다. 왜냐하면 배우자가 밤새 3~4번씩 깼다 잠들기를 반복하기 때문입니다. 수면클리닉 같은 센터를 가면 도움이 될까요?,"안녕하세요 윤이 님? 보내주신 질문에서 윤이 님의 걱정이 묻어나네요. 무엇보다 깊은 잠을 못 주무시고 힘들어하시는 것을 바라볼 수밖에 없어 마음이 무거우실 것 같습니다. 정확한 원인은 검사를 통해 알 수 있겠지만 수면 중 여러 차례 깨는 이유는 여러 가지가 있습니다._x000D_
1. 불면증_x000D_
불면증에는 3가지 종류가 있습니다. 입면 장애, 조기 각성 그리고 수면 유지 장애 인데요. 새벽에 이유 없이 잠에서 깨고 다시 잠들기 어려운 증상이 수개월째 반복되고 있다면 수면 유지 장애의 특징에 해당합니다._x000D_
2. 스트레스_x000D_
과도한 스트레스는 수면의 질에도 영향을 미칠 수 있습니다._x000D_
3. 수면장애_x000D_
코골이, 수면무호흡증, 하지불안증후군, 잠꼬대 등 다양한 수면장애는 깊은 수면을 방해하여 잠이 깨는 증상이 나타날 수 있습니다._x000D_
4. 기타 이유_x000D_
호르몬의 변화, 수면에 부정적인 약물, 노화 등의 이유 또한 수면 중 각성에 영향을 미칠 수 있습니다. 수면 환경 조성, 스트레스 완화, 산책, 운동 등 다양한 방법들을 활용하시되 전문 클리닉에 방문하셔서 검사를 통해 정확한 진단과 치료를 꼭 받으시기 바랍니다."
60,"매일 잠이 안 와서 맥주를 1캔씩 마셔요. 좋지는 않을 ? 것 같은데, 마셔야 잠을 잘 수 있을 것 같아서요.","윤이 님 안녕하세요? 수면 관련한 주제로 준비하면서 윤이 님과 같은 고민이 꼭 들어올 것으로 생각해봤습니다. 수면 전 알코올 섭취에 대해서는 Nightcap이라는 고유명사가 있을 만큼 널리 퍼져있는 흔한 일이긴 합니다. 외롭고, 고민이 많고 센치해서 홀짝홀짝 마시던 가벼운 음주가 습관이 되어서 매일 자기 전 음주를 하는 경우들이 많죠. 사실 음주로 인해 나른해지면서 잠드는 데에는 도움이 될 수 있습니다. 그러나 음주의 양이 아니라 음주 행위를 통제할 수 있느냐에 따라 알코올의존증을 가늠하기 때문에 윤이 님의 상태도 한 번 탐색해보시기 바랍니다. ?_x000D_
우선, 자기 전 술의 힘을 빌리는 것은 술에 대한 의존도를 높이기 쉬운 위험한 행동입니다. 취해서 잠드는 것을 반복하다 보면 어느 순간 취하지 않으면 잠을 잘 수 없게 되기 때문입니다. 또한, 알코올은 자는 동안 소변이 만들어지는 것을 막는 항이뇨 호르몬 작용을 방해해 수면 중 화장실을 가기 위해 잠을 깨는 등 수면의 질을 낮추기도 하고, 수면 중 체내 산소를 충분히 공급하지 못해 코골이가 생기기도 합니다. ?_x000D_
가장 좋은 방법은 잠자리에 들기 전 먹고 마시는 행위를 삼가 위장도 쉬게 하는 것입니다. ?하지만 당장 이행하기는 힘들다 느껴지신다면 음주의 양을 정하여 소량만 마시도록 하며, 수면 전보다는 저녁 식사에 반주로 살짝 드시거나 알코올의 흡수를 낮추기 위해 간단한 안주를 함께 드시길 추천해 드립니다. 또 음주로 보내는 시간을 대신하여 뜨개질, 독서, 만들기 등 다른 정적인 습관으로 시간을 대체하는 등 여러 가지 시도를 해보실 수 있겠습니다."
